სხვა სკოლა,აბაშა
წყემის საჯარო,აბაშა
კეთილარის საჯარო,აბაშა
სამიქაოს საჯარო,აბაშა
მაიდნის საჯარო,აბაშა
ტყვირის საჯარო,აბაშა
სეფიეთის საჯარო,აბაშა
კონსტანტინე გამსახურდიას სახელობის    ძველი  საჯარო,აბაშა
№2 საჯარო,აბაშა
ნაესაკოვოს საჯარო,აბაშა
კვათანის საჯარო,აბაშა
მარანის საჯარო,აბაშა
ონტოფოს საჯარო,აბაშა
ქოლობნის საჯარო,აბაშა
ეწერის საჯარო,აბაშა
გეზათის საჯარო,აბაშა
საგვაზავოს საჯარო,აბაშა
სუჯუნის საჯარო,აბაშა
განათლებისკარის საჯარო,აბაშა
გაუწყინარის საჯარო,აბაშა
ნოღოხაშის საჯარო,აბაშა
№1 საჯარო,აბაშა
პირველი მაისის საჯარო,აბაშა
ზანათის საჯარო,აბაშა
სპს  დაგმარა ცანავა ხელოსანი 95,აბაშა
მაცხოვრისკარის საჯარო,აბაშა
3,აბაშა
სწავლის ძირი,აბაშა
სხვა,ადიგენი
აბასთუმნის საჯარო სკოლა,ადიგენი
აბასთუმნის საჯარო სკოლა,ადიგენი
არლის საჯარო სკოლა,ადიგენი
ბენარის საჯარო სკოლა,ადიგენი
ბოლაჯურის საჯარო სკოლა,ადიგენი
გომაროს საჯარო სკოლა,ადიგენი
დაბა ადიგენის საჯარო სკოლა,ადიგენი
დერცელის საჯარო სკოლა,ადიგენი
დიდი სმადის საჯარო სკოლა,ადიგენი
ვარხანის საჯარო სკოლა,ადიგენი
ზანავის საჯარო სკოლა,ადიგენი
ზარზმის საჯარო სკოლა,ადიგენი
კახარეთის საჯარო სკოლა,ადიგენი
ლელოვნის საჯარო სკოლა,ადიგენი
მლაშის საჯარო სკოლა,ადიგენი
მოხის საჯარო სკოლა,ადიგენი
უდის №1 საჯარო სკოლა,ადიგენი
უდის №2 საჯარო სკოლა,ადიგენი
ფხეროს საჯარო სკოლა,ადიგენი
ქვემო ენთელის საჯარო სკოლა,ადიგენი
ღორთუბნის საჯარო სკოლა,ადიგენი
წახანის საჯარო სკოლა,ადიგენი
ჭელის საჯარო სკოლა,ადიგენი
ჭეჭლის საჯარო სკოლა,ადიგენი
ხევაშენის საჯარო სკოლა,ადიგენი
2,ადიგენი
ადიგენის,ადიგენი
იმერთუბნის,ადიგენი
იჯარეთის,ადიგენი
საჯარო,ადიგენი
ღორძეს,ადიგენი
სხვა,ამბროლაური
№1,ამბროლაური
№2,ამბროლაური
ბოსტანის საჯარო სკოლა,ამბროლაური
ბუგეულის საჯარო სკოლა,ამბროლაური
ველევის საჯარო სკოლა,ამბროლაური
თლუღის საჯარო სკოლა,ამბროლაური
კვაცხუთის საჯარო სკოლა,ამბროლაური
ლიხეთის საჯარო სკოლა,ამბროლაური
ნამანევის საჯარო სკოლა,ამბროლაური
ნიკორწმინდას საჯარო სკოლა,ამბროლაური
პატარა ონის საჯარო სკოლა,ამბროლაური
ჟოშხის საჯარო სკოლა,ამბროლაური
სადმელის საჯარო სკოლა,ამბროლაური
ტოლის საჯარო სკოლა,ამბროლაური
ურავის საჯარო სკოლა,ამბროლაური
ჩორჯოს საჯარო სკოლა,ამბროლაური
წესის საჯარო სკოლა,ამბროლაური
ჭელიაღელის საჯარო სკოლა,ამბროლაური
ჭრებალოს საჯარო სკოლა,ამბროლაური
ჭყვიშის საჯარო სკოლა,ამბროლაური
ხვანჭკარის საჯარო სკოლა,ამბროლაური
ხოტევის საჯარო სკოლა,ამბროლაური
მეორე ტოლის,ამბროლაური
სხვა,ასპინძა
აწყვიტის საჯარო სკოლა,ასპინძა
დაბა ასპინძის საჯარო სკოლა,ასპინძა
დამალის საჯარო სკოლა,ასპინძა
ზველის საჯარო სკოლა,ასპინძა
იდუმალის საჯარო სკოლა,ასპინძა
ივერიის საჯარო სკოლა,ასპინძა
მირაშხანის საჯარო სკოლა,ასპინძა
ნაქალაქევის საჯარო სკოლა,ასპინძა
ნიჯგორის საჯარო სკოლა,ასპინძა
ოთის საჯარო სკოლა,ასპინძა
ორგორის საჯარო სკოლა,ასპინძა
ოშორის საჯარო სკოლა,ასპინძა
რუსთავის საჯარო სკოლა,ასპინძა
საროს საჯარო სკოლა,ასპინძა
ტოლოშის საჯარო სკოლა,ასპინძა
ჭობარეთის საჯარო სკოლა,ასპინძა
ხერთვისის საჯარო სკოლა,ასპინძა
ხიზაბავრის საჯარო სკოლა,ასპინძა
2,ასპინძა
სხვა სკოლა,ახალქალაქი
ჩუნჩხის საჯარო,ახალქალაქი
ხანდოს საჯარო,ახალქალაქი
ზაკის საჯარო,ახალქალაქი
კუმურდოს საჯარო,ახალქალაქი
ორჯის საჯარო,ახალქალაქი
ხულგუმოს საჯარო,ახალქალაქი
გომანის საჯარო,ახალქალაქი
ვარე საჯარო,ახალქალაქი
დიდი სამსარის საჯარო,ახალქალაქი
კიროვაკანის საჯარო,ახალქალაქი
კოთელიის საჯარო,ახალქალაქი
აზმანის საჯარო,ახალქალაქი
ჩამდურის საჯარო,ახალქალაქი
დადეშის საჯარო,ახალქალაქი
მურჯახეთის საჯარო,ახალქალაქი
თახჩის საჯარო,ახალქალაქი
აგანის საჯარო,ახალქალაქი
ბარალეთის №2 საჯარო,ახალქალაქი
ალასტანის საჯარო,ახალქალაქი
სულდის საჯარო,ახალქალაქი
ილია ჭავჭავაძის სახელობის   №3 საჯარო,ახალქალაქი
ხორენიის საჯარო,ახალქალაქი
აზავრეთის საჯარო,ახალქალაქი
№2 საჯარო,ახალქალაქი
იხტილის საჯარო,ახალქალაქი
მოდეგამის საჯარო,ახალქალაქი
ოკამის №1 საჯარო,ახალქალაქი
"სეროფე ბენგოიანლევონიანის ,,ჯი” სახელობის    კარწახის საჯარო",ახალქალაქი
ლომატურცხის საჯარო,ახალქალაქი
ქარცეფის საჯარო,ახალქალაქი
ვაჩიანის საჯარო,ახალქალაქი
გოკიოს საჯარო,ახალქალაქი
ტურცხის საჯარო,ახალქალაქი
ხავეთის საჯარო,ახალქალაქი
№5 საჯარო,ახალქალაქი
ბავრის საჯარო,ახალქალაქი
კოჩიოს საჯარო,ახალქალაქი
ოლავერდის საჯარო,ახალქალაქი
ღადოლარის საჯარო,ახალქალაქი
ბალხოს საჯარო,ახალქალაქი
მარტუნის საჯარო,ახალქალაქი
მაჭატიის საჯარო,ახალქალაქი
პტენის საჯარო,ახალქალაქი
აფნიის საჯარო,ახალქალაქი
ბეჟანოს საჯარო,ახალქალაქი
ბოზალის საჯარო,ახალქალაქი
კულიკამის საჯარო,ახალქალაქი
№4 საჯარო,ახალქალაქი
არაგვის საჯარო,ახალქალაქი
№1 საჯარო,ახალქალაქი
გოგაშენის საჯარო,ახალქალაქი
კორხის საჯარო,ახალქალაქი
დილისკის №1 საჯარო,ახალქალაქი
მიასნიკიანის საჯარო,ახალქალაქი
ოკამის №2 საჯარო,ახალქალაქი
აბულის საჯარო,ახალქალაქი
პატარა სამსარის საჯარო,ახალქალაქი
ბარალეთის №1 საჯარო,ახალქალაქი
დილისკის №2 საჯარო,ახალქალაქი
კარტიკამის საჯარო,ახალქალაქი
მერენიის საჯარო,ახალქალაქი
ბუღაშენის საჯარო,ახალქალაქი
ბურნაშეთის საჯარო,ახალქალაქი
№1,ახალქალაქი
№2,ახალქალაქი
№3,ახალქალაქი
№4,ახალქალაქი
№5,ახალქალაქი
აბულის საჯარო სკოლა,ახალქალაქი
აგანის საჯარო სკოლა,ახალქალაქი
აზავრეთის საჯარო სკოლა,ახალქალაქი
აზმანის საჯარო სკოლა,ახალქალაქი
ალათუმანის საჯარო სკოლა,ახალქალაქი
ალასტანის საჯარო სკოლა,ახალქალაქი
არაგვის საჯარო სკოლა,ახალქალაქი
აფნიის საჯარო სკოლა,ახალქალაქი
ბავრის საჯარო სკოლა,ახალქალაქი
ბალხოს საჯარო სკოლა,ახალქალაქი
ბარალეთის №1 საჯარო სკოლა,ახალქალაქი
ბარალეთის №2 საჯარო სკოლა,ახალქალაქი
ბეჟანოს საჯარო სკოლა,ახალქალაქი
ბოზალის საჯარო სკოლა,ახალქალაქი
ბუზავეთის საჯარო სკოლა,ახალქალაქი
ბურნაშეთის საჯარო სკოლა,ახალქალაქი
ბუღაშენის საჯარო სკოლა,ახალქალაქი
გოგაშენის საჯარო სკოლა,ახალქალაქი
გოკიოს საჯარო სკოლა,ახალქალაქი
გომანის საჯარო სკოლა,ახალქალაქი
დადეშის საჯარო სკოლა,ახალქალაქი
დიდი სამსარის საჯარო სკოლა,ახალქალაქი
დილისკის №1 საჯარო სკოლა,ახალქალაქი
დილისკის №2 საჯარო სკოლა,ახალქალაქი
ვარევანის საჯარო სკოლა,ახალქალაქი
ვაჩიანის საჯარო სკოლა,ახალქალაქი
ზაკის საჯარო სკოლა,ახალქალაქი
თახჩის საჯარო სკოლა,ახალქალაქი
იხტილის საჯარო სკოლა,ახალქალაქი
კარტიკამის საჯარო სკოლა,ახალქალაქი
კარწახის საჯარო სკოლა,ახალქალაქი
კიროვაკანის საჯარო სკოლა,ახალქალაქი
კოთელიის საჯარო სკოლა,ახალქალაქი
კორხის საჯარო სკოლა,ახალქალაქი
კოჩიოს საჯარო სკოლა,ახალქალაქი
კულიკამის საჯარო სკოლა,ახალქალაქი
კუმურდოს საჯარო სკოლა,ახალქალაქი
ლომატურცხის საჯარო სკოლა,ახალქალაქი
მარტუნის საჯარო სკოლა,ახალქალაქი
მაჭატიის საჯარო სკოლა,ახალქალაქი
მერენიის საჯარო სკოლა,ახალქალაქი
მიასნიკიანის საჯარო სკოლა,ახალქალაქი
მოდეგამის საჯარო სკოლა,ახალქალაქი
მურჯახეთის საჯარო სკოლა,ახალქალაქი
ოკამის №1 საჯარო სკოლა,ახალქალაქი
ოკამის №2 საჯარო სკოლა,ახალქალაქი
ოლავერდის საჯარო სკოლა,ახალქალაქი
ორჯის საჯარო სკოლა,ახალქალაქი
პატარა სამსარის საჯარო სკოლა,ახალქალაქი
პტენის საჯარო სკოლა,ახალქალაქი
სულდის საჯარო სკოლა,ახალქალაქი
ტურცხის საჯარო სკოლა,ახალქალაქი
ქარცეფის საჯარო სკოლა,ახალქალაქი
ღადოლარის საჯარო სკოლა,ახალქალაქი
ჩამდურის საჯარო სკოლა,ახალქალაქი
ჩუნჩხის საჯარო სკოლა,ახალქალაქი
ხავეთის საჯარო სკოლა,ახალქალაქი
ხანდოს საჯარო სკოლა,ახალქალაქი
ხორენიის საჯარო სკოლა,ახალქალაქი
ხულგუმოს საჯარო სკოლა,ახალქალაქი
საჯარო,ახალქალაქი
სხვა სკოლა,ახალციხე
დიდი პამაჯის საჯარო,ახალციხე
ღრელის საჯარო,ახალციხე
წინუბნის საჯარო,ახალციხე
ჭვინთის საჯარო,ახალციხე
ჭაჭარაქის საჯარო,ახალციხე
წნისის საჯარო,ახალციხე
ურავლის საჯარო,ახალციხე
ვალის №2 საჯარო,ახალციხე
ზიკილიის საჯარო,ახალციხე
გურკელის საჯარო,ახალციხე
ანდრიაწმინდის საჯარო,ახალციხე
ტყემლანის საჯარო,ახალციხე
ფერსის საჯარო,ახალციხე
ხეოთის საჯარო,ახალციხე
წყალთბილის საჯარო,ახალციხე
№6 საჯარო,ახალციხე
საძელის საჯარო,ახალციხე
პატარა პამაჯის საჯარო,ახალციხე
ნაოხრების საჯარო,ახალციხე
მინაძის საჯარო,ახალციხე
№5 საჯარო,ახალციხე
ანის საჯარო,ახალციხე
№4 საჯარო,ახალციხე
მუსხის საჯარო,ახალციხე
კლდის საჯარო,ახალციხე
წყრუთის საჯარო,ახალციხე
№1 საჯარო,ახალციხე
ვალის №3 საჯარო,ახალციხე
სხვილისის საჯარო,ახალციხე
№2 საჯარო,ახალციხე
№7 საჯარო,ახალციხე
თისელის საჯარო,ახალციხე
ვალის №1 საჯარო,ახალციხე
საყუნეთის საჯარო,ახალციხე
აწყურის საჯარო,ახალციხე
№3 საჯარო,ახალციხე
ვალის №4 საჯარო,ახალციხე
ხერხემი,ახალციხე
მესხის,ახალციხე
მზექა,ახალციხე
სვირის,ახალციხე
ჭობისხევის,ახალციხე
სხვა,ახმეტა
№1,ახმეტა
№2,ახმეტა
№3,ახმეტა
აწყურის საჯარო სკოლა,ახმეტა
ბირკიანის საჯარო სკოლა,ახმეტა
დუისის საჯარო სკოლა,ახმეტა
დუმასტურის საჯარო სკოლა,ახმეტა
ზემო ალვანის №1 საჯარო სკოლა,ახმეტა
ზემო ალვანის №2 საჯარო სკოლა,ახმეტა
კასრისწყალის საჯარო სკოლა,ახმეტა
მატნის №1 საჯარო სკოლა,ახმეტა
მატნის №2 საჯარო სკოლა,ახმეტა
მაღრაანის საჯარო სკოლა,ახმეტა
ნადუქნარის საჯარო სკოლა,ახმეტა
ომალოს საჯარო სკოლა,ახმეტა
ოჟიოს საჯარო სკოლა,ახმეტა
ოსიაურის საჯარო სკოლა,ახმეტა
საკობიანოს საჯარო სკოლა,ახმეტა
ქვემო ალვანის საჯარო სკოლა,ახმეტა
ქისტაურის საჯარო სკოლა,ახმეტა
ყვარელწყლის საჯარო სკოლა,ახმეტა
ხორხელის საჯარო სკოლა,ახმეტა
ჯოყოლოს საჯარო სკოლა,ახმეტა
ალვნის,ახმეტა
არგოხის საბაზო,ახმეტა
სხვა სკოლა,ბათუმი
№30 საჯარო,ბათუმი
№8 საჯარო,ბათუმი
№22 საჯარო,ბათუმი
№18 საჯარო,ბათუმი
№10 საჯარო,ბათუმი
№15 საჯარო,ბათუმი
№25 საჯარო,ბათუმი
№16 საჯარო,ბათუმი
№3 საჯარო,ბათუმი
№5 საჯარო,ბათუმი
№14 საჯარო,ბათუმი
№6 საჯარო,ბათუმი
№7 საჯარო,ბათუმი
№13 საჯარო,ბათუმი
№17 საჯარო,ბათუმი
№20 საჯარო,ბათუმი
№31 საჯარო,ბათუმი
№31 საჯარო,ბათუმი
№4 საჯარო,ბათუმი
№9 საჯარო,ბათუმი
№11 საჯარო,ბათუმი
№26 საჯარო,ბათუმი
№29 საჯარო,ბათუმი
№23 საჯარო,ბათუმი
№27 საჯარო,ბათუმი
№28 საჯარო,ბათუმი
ლედა,ბათუმი
გიმნაზია21ე საუკუნე,ბათუმი
თაობა  XXI,ბათუმი
რწმენა,ბათუმი
იტალიური სკოლა,ბათუმი
სკოლა ლიცეუმი მასტერკლასი,ბათუმი
ფრანგული სკოლა,ბათუმი
ნერგები,ბათუმი
განათლება,ბათუმი
წმინდა ანდრია პირველწოდებულის სახელობის სკოლა,ბათუმი
ჩაღლარის საგანმანათლებლო დაწესებულებების ქ. რ.შაჰინის სახელობის მეგობრობის სკოლალიცეუმი,ბათუმი
სკოლა ევრო2000,ბათუმი
მრავალდარგობრივი გიმნაზია იბერია,ბათუმი
ახალგაზრდობა,ბათუმი
გორდას   კერძო მრავალპროფილიანი საერო ელიტარული საშუალო სკოლა,ბათუმი
არილი,ბათუმი
კავკასიის ბიზნესის სკოლა,ბათუმი
მედიანა 2011,ბათუმი
მომავლის სკოლა,ბათუმი
№1 საჯარო,ბათუმი
№2 საჯარო,ბათუმი
სკოლა  ნიკე,ბათუმი
იუ ჯი,ბათუმი
მედიანა 2011,ბათუმი
N 1 საჯარო,ბათუმი
N 2 საჯარო,ბათუმი
N 3 საჯარო,ბათუმი
№1 საჯარო,ბათუმი
№2 საჯარო,ბათუმი
შპს მეგასკოლა,ბათუმი
ქართულ-ამერიკული სკოლა ''პროგრესი'',ბათუმი
32,ბათუმი
ელორაიას,ბათუმი
მონპარნასი,ბათუმი
პანსიონი,ბათუმი
სალიბაურის,ბათუმი
ქვემო ახალშენის,ბათუმი
სხვა სკოლა,ბაღდათი
ტარიელ კვირიკაშვილის სახელობის    წითელხევის საჯარო,ბაღდათი
გიორგი გეწაძის სახელობის    პირველი ობჩის საჯარო,ბაღდათი
№1 საჯარო,ბაღდათი
№2 საჯარო,ბაღდათი
ფერსათის №1 საჯარო,ბაღდათი
ფერსათის №2 საჯარო,ბაღდათი
ვარციხის საჯარო,ბაღდათი
ნერგეეთის საჯარო,ბაღდათი
როკითის საჯარო,ბაღდათი
წყალთაშუის საჯარო,ბაღდათი
ზეგნის №1 საჯარო,ბაღდათი
ზეგნის №2 საჯარო,ბაღდათი
ხანის საჯარო,ბაღდათი
საკრაულის საჯარო,ბაღდათი
როხის საჯარო,ბაღდათი
დიმის №1 საჯარო,ბაღდათი
დიმის №2 საჯარო,ბაღდათი
დიმის საჯარო,ბაღდათი
პირველი ობჩის საჯარო,ბაღდათი
მეორე ობჩის საჯარო,ბაღდათი
კოტე ფოცხვერაშვილის სახელობის    წითელხევის  საჯარო,ბაღდათი
დიმის №2 საჯარო,ბაღდათი
დიმის საჯარო,ბაღდათი
ვარციხის საჯარო,ბაღდათი
მეორე ობჩის საჯარო,ბაღდათი
პირველი ობჩის საჯარო,ბაღდათი
საკრაულის საჯარო,ბაღდათი
ფერსათის №1 საჯარო,ბაღდათი
წყალთაშუის საჯარო,ბაღდათი
გიორგი გეწაძის სახელობის    პირველი ობჩის საჯარო,ბაღდათი
ტარიელ კვირიკაშვილის სახელობის    წითელხევის საჯარო,ბაღდათი
№1 საჯარო,ბაღდათი
№2 საჯარო,ბაღდათი
დიმის 3,ბაღდათი
მაიაკოვსკის,ბაღდათი
მაიაკოვსკის 2,ბაღდათი
ნინოშვილის,ბაღდათი
ობჩის,ბაღდათი
ქვედა ზეგნის 2,ბაღდათი
წითელხევის 2,ბაღდათი
სხვა,ბოლნისი
კერძო საშუალო სკოლა დავითიანი - მარინა გორშკოვა,ბოლნისი
წმინდა იოანე ბოლნელის სახელობის სკოლა,ბოლნისი
№1,ბოლნისი
№2,ბოლნისი
№3,ბოლნისი
№5,ბოლნისი
აკაურთის საჯარო სკოლა,ბოლნისი
ბოლნისის საჯარო სკოლა,ბოლნისი
გეტას საჯარო სკოლა,ბოლნისი
დაბა კაზრეთის №1 საჯარო სკოლა,ბოლნისი
დაბა კაზრეთის №2 საჯარო სკოლა,ბოლნისი
დარბაზის საჯარო სკოლა,ბოლნისი
დისველის საჯარო სკოლა,ბოლნისი
თამარისის საჯარო სკოლა,ბოლნისი
მამხუტის საჯარო სკოლა,ბოლნისი
მუხრანას საჯარო სკოლა,ბოლნისი
ნახიდურის საჯარო სკოლა,ბოლნისი
რატევანის საჯარო სკოლა,ბოლნისი
რაჭისუბნის საჯარო სკოლა,ბოლნისი
სავანეთის საჯარო სკოლა,ბოლნისი
ტალავერის №1 საჯარო სკოლა,ბოლნისი
ტალავერის №2 საჯარო სკოლა,ბოლნისი
ტანძიის საჯარო სკოლა,ბოლნისი
ფარიზის საჯარო სკოლა,ბოლნისი
ქვემო არქევნის საჯარო სკოლა,ბოლნისი
ქვემო ბოლნისის №1 საჯარო სკოლა,ბოლნისი
ქვემო ბოლნისის №2 საჯარო სკოლა,ბოლნისი
ქვეშის საჯარო სკოლა,ბოლნისი
ცურტავის საჯარო სკოლა,ბოლნისი
ძველი ქვეშის საჯარო სკოლა,ბოლნისი
ჭაპალის საჯარო სკოლა,ბოლნისი
ხატისოფლის საჯარო სკოლა,ბოლნისი
ხიდისყურის საჯარო სკოლა,ბოლნისი
ჯავშანიანის საჯარო სკოლა,ბოლნისი
სხვა,ბორჯომი
შპს ივანე ჯავახიშვილის სახელობის ბორჯომის კერძო ზოგადსაგანმანათლებლო სკოლა,ბორჯომი
№1,ბორჯომი
№3,ბორჯომი
№4,ბორჯომი
№6,ბორჯომი
ანდეზიტის საჯარო სკოლა,ბორჯომი
ახალდაბის საჯარო სკოლა,ბორჯომი
ბაკურიანის საჯარო სკოლა,ბორჯომი
ბალანთას საჯარო სკოლა,ბორჯომი
დვირის საჯარო სკოლა,ბორჯომი
კორტანეთის საჯარო სკოლა,ბორჯომი
ლიკანის საჯარო სკოლა,ბორჯომი
მოლითის საჯარო სკოლა,ბორჯომი
რველის საჯარო სკოლა,ბორჯომი
სოფელ ტაძრისის საჯარო სკოლა,ბორჯომი
ტაბაწყურის საჯარო სკოლა,ბორჯომი
ქვაბისხევის საჯარო სკოლა,ბორჯომი
ყვიბისის საჯარო სკოლა,ბორჯომი
ციხისჯვარის საჯარო სკოლა,ბორჯომი
წაღვერის საჯარო სკოლა,ბორჯომი
ჭობისხევის საჯარო სკოლა,ბორჯომი
სხვა სკოლა,გარდაბანი
ნორიოს საჯარო,გარდაბანი
ვახტანგისის №2 საჯარო,გარდაბანი
ჯანდარას საჯარო,გარდაბანი
კრწანისის საჯარო,გარდაბანი
მუხრო საჯარო,გარდაბანი
სართიჭალის №1 საჯარო,გარდაბანი
ნაზარლოს საჯარო,გარდაბანი
ლემშვენიერას საჯარო,გარდაბანი
ქესალოს საჯარო,გარდაბანი
ახალი სამგორის საჯარო,გარდაბანი
მარტყოფის №1 საჯარო,გარდაბანი
ქვემო კაპანახჩის საჯარო,გარდაბანი
ვახტანგისის №1 საჯარო,გარდაბანი
გამარჯვების საჯარო,გარდაბანი
საცხენისის საჯარო,გარდაბანი
ყარათაკლიას საჯარო,გარდაბანი
ვაზიანის №1 საჯარო,გარდაბანი
ზურაბ ბეგიაშვილის სახელობის    კუმისის საჯარო,გარდაბანი
სართიჭალის №3 საჯარო,გარდაბანი
აქთაქლის საჯარო,გარდაბანი
№4 საჯარო,გარდაბანი
ყარაჯალას საჯარო,გარდაბანი
№3 საჯარო,გარდაბანი
ვაზიანის №2 საჯარო,გარდაბანი
სართიჭალის №2 საჯარო,გარდაბანი
მარტყოფის №2 საჯარო,გარდაბანი
ნაგების საჯარო,გარდაბანი
თელეთის საჯარო,გარდაბანი
ახალსოფლის საჯარო,გარდაბანი
კალინინოს საჯარო,გარდაბანი
№6 საჯარო,გარდაბანი
ლევან დევდარიანის სახელობის   №1 საჯარო,გარდაბანი
მუღანლოს საჯარო,გარდაბანი
ფოლადაანთკარის საჯარო,გარდაბანი
თაზაქენდის საჯარო,გარდაბანი
ნანა,გარდაბანი
2,გარდაბანი
5,გარდაბანი
7,გარდაბანი
გარდაბნის,გარდაბანი
გიგანდი,გარდაბანი
დაბა კაზრეთის 1,გარდაბანი
კაპანახჩის,გარდაბანი
საჯარო,გარდაბანი
სხვა სკოლა,გორი
№10 საჯარო,გორი
ბერბუკის საჯარო,გორი
ხელთუბნის საჯარო,გორი
კარალეთის №2 საჯარო,გორი
ქვახვრელის საჯარო,გორი
მერეთის საჯარო,გორი
გორის №4 საჯარო,გორი
ქვემო ნიქოზის საჯარო,გორი
წითელუბნის საჯარო,გორი
ახალხიზის საჯარო,გორი
უფლისციხის საჯარო,გორი
ზემო ხვითის საჯარო,გორი
ახრისის საჯარო,გორი
მეღვრეკისის საჯარო,გორი
ქვემო სობისის საჯარო,გორი
ქვეშის საჯარო,გორი
პატარა გარეჯვრის საჯარო,გორი
სკრის საჯარო,გორი
№3 საჯარო,გორი
№2 საჯარო,გორი
№11 საჯარო,გორი
ფლავის საჯარო,გორი
ბნავისი საჯარო,გორი
საქაშეთის საჯარო,გორი
კირბლის საჯარო,გორი
რეხის საჯარო,გორი
შავშვების საჯარო,გორი
№8 საჯარო,გორი
ფხვენისის საჯარო,გორი
მეჯვრისხევის საჯარო,გორი
არბოს საჯარო,გორი
ქვემო ხვითის საჯარო,გორი
შინდისის საჯარო,გორი
ატენის საჯარო,გორი
ტყვიავის საჯარო,გორი
ყელქცეულის საჯარო,გორი
№1 საჯარო,გორი
№6 საჯარო,გორი
კარალეთის №1 საჯარო,გორი
სვენეთის საჯარო,გორი
ზერტის საჯარო,გორი
პატარა მეჯვრისხევის საჯარო,გორი
ტირძნისის საჯარო,გორი
№9 საჯარო,გორი
ერგნეთმამისაანთ უბნის საჯარო,გორი
აძვის საჯარო,გორი
№7 საჯარო,გორი
ქიწნისის საჯარო,გორი
სათემოს საჯარო,გორი
ტინისხიდის საჯარო,გორი
ვარიანის საჯარო,გორი
ქერეს საჯარო,გორი
გორის   ახალდაბის საჯარო,გორი
კარბის საჯარო,გორი
ხიდისთავის საჯარო,გორი
№5 საჯარო,გორი
ზემო ნიქოზის საჯარო,გორი
არაშენდის საჯარო,გორი
№12 საჯარო,გორი
ძევერის საჯარო,გორი
დიცის საჯარო,გორი
თორტიზის საჯარო,გორი
ბერშუეთის საჯარო,გორი
ხურვალეთის საჯარო,გორი
ღირსი მამა გიორგი მთაწმინდელის გორის გიმნაზია,გორი
გორის წმინდა გიორგის სახელობის სკოლალიცეუმი,გორი
შიდა ქართლის საერო კოლეჯი,გორი
თამარიონი,გორი
საუნჯე  გორის კერძო საშუალო სკოლა საუნჯე,გორი
შპს სკოლა ეისი,გორი
ეისი,გორი
ამერიკის უნივერსიტეტის სკოლა,გორი
ბოშურის,გორი
ზეღდულეთის,გორი
ოთარშენის,გორი
სხვა სკოლა,გურჯაანი
კალაურის საჯარო,გურჯაანი
ჭერემის საჯარო,გურჯაანი
ვაზისუბნის საჯარო,გურჯაანი
ჯიმითის საჯარო,გურჯაანი
ვეჯინის საჯარო,გურჯაანი
№3 საჯარო,გურჯაანი
გურჯაანის  საჯარო,გურჯაანი
სოსო ღვინიაშვილის სახელობის    ზემო კაჭრეთის საჯარო,გურჯაანი
მელაანის საჯარო,გურჯაანი
ველისციხის საჯარო,გურჯაანი
ბაკურციხის საჯარო,გურჯაანი
№1 საჯარო,გურჯაანი
ახაშნის საჯარო,გურჯაანი
ჭანდარის საჯარო,გურჯაანი
ჩუმლაყის საჯარო,გურჯაანი
№2 საჯარო,გურჯაანი
მუკუზნის საჯარო,გურჯაანი
გურამ ჭილაშვილის სახელობის   №4 საჯარო,გურჯაანი
ჩალაუბნის საჯარო,გურჯაანი
კოლაგის საჯარო,გურჯაანი
შაშიანის საჯარო,გურჯაანი
ვაჩნაძიანის საჯარო,გურჯაანი
არაშენდის საჯარო,გურჯაანი
კარდენახის საჯარო,გურჯაანი
კაჭრეთის საჯარო,გურჯაანი
6,გურჯაანი
გიმნაზია,გურჯაანი
ზეგნის,გურჯაანი
სხვა,დედოფლისწყარო
შპს ბენაური,დედოფლისწყარო
წმინდა მეფე ვახტანგ გორგასლის სახელობის სკოლა-ინტერნატი,დედოფლისწყარო
№1,დედოფლისწყარო
№2,დედოფლისწყარო
არბოშიკის საჯარო სკოლა,დედოფლისწყარო
არხილოსკალოს საჯარო სკოლა,დედოფლისწყარო
გამარჯვების საჯარო სკოლა,დედოფლისწყარო
ზემო მაჩხაანის საჯარო სკოლა,დედოფლისწყარო
ზემო ქედის №1 საჯარო სკოლა,დედოფლისწყარო
ზემო ქედის №2 საჯარო სკოლა,დედოფლისწყარო
ოზაანის საჯარო სკოლა,დედოფლისწყარო
საბათლოს საჯარო სკოლა,დედოფლისწყარო
სამთაწყაროს საჯარო სკოლა,დედოფლისწყარო
სამრეკლოს საჯარო სკოლა,დედოფლისწყარო
ფიროსმანის საჯარო სკოლა,დედოფლისწყარო
ქვემო ქედის საჯარო სკოლა,დედოფლისწყარო
ხორნაბუჯის საჯარო სკოლა,დედოფლისწყარო
დედოფლისწყაროს,დედოფლისწყარო
საჯარო,დედოფლისწყარო
სხვა,დმანისი
№1,დმანისი
№2,დმანისი
№3,დმანისი
აზკაკლიანის საჯარო სკოლა,დმანისი
ამამლოს საჯარო სკოლა,დმანისი
ბაზაქლოს საჯარო სკოლა,დმანისი
ბოსლების საჯარო სკოლა,დმანისი
განთიადის საჯარო სკოლა,დმანისი
გომარეთის საჯარო სკოლა,დმანისი
გუგუთის საჯარო სკოლა,დმანისი
დაგარახლოს საჯარო სკოლა,დმანისი
დიდი დმანისის საჯარო სკოლა,დმანისი
ზემო კარაბულახის საჯარო სკოლა,დმანისი
ზემო ოროზმანის საჯარო სკოლა,დმანისი
იაღუფლოს საჯარო სკოლა,დმანისი
ირგანჩაის საჯარო სკოლა,დმანისი
იფნარის საჯარო სკოლა,დმანისი
კამარლოს საჯარო სკოლა,დმანისი
კამიშლოს საჯარო სკოლა,დმანისი
კიზილაჯლოს საჯარო სკოლა,დმანისი
კიზილქილისას საჯარო სკოლა,დმანისი
მაშავერას საჯარო სკოლა,დმანისი
პანტიანის საჯარო სკოლა,დმანისი
საფარლოს საჯარო სკოლა,დმანისი
ტნუსის საჯარო სკოლა,დმანისი
ქვემო ოროზმანის საჯარო სკოლა,დმანისი
ჯავახის საჯარო სკოლა,დმანისი
სხვა სკოლა,დუშეთი
მლეთის საჯარო,დუშეთი
დაბა ჟინვალის საჯარო,დუშეთი
გუდრუხის საჯარო,დუშეთი
ქვეშეთის საჯარო,დუშეთი
ჩირიკის საჯარო,დუშეთი
ლაფანაანთკარის საჯარო,დუშეთი
შუაფხოს საჯარო,დუშეთი
№1 საჯარო,დუშეთი
ჭართლის საჯარო,დუშეთი
კაიშაურების საჯარო,დუშეთი
საშაბუროს საჯარო,დუშეთი
პირმისაანთკარის საჯარო,დუშეთი
ჩარგლის საჯარო,დუშეთი
გრიგოლაანთკარის საჯარო,დუშეთი
ჭოპორტის საჯარო,დუშეთი
ბულაჩაურის საჯარო,დუშეთი
ყვავილის საჯარო,დუშეთი
№2 საჯარო,დუშეთი
შატილის საჯარო,დუშეთი
დაბა ფასანაურის საჯარო,დუშეთი
პავლეურის საჯარო,დუშეთი
აბანოსხევის საჯარო,დუშეთი
არაგვისპირის საჯარო,დუშეთი
ხანდოს საჯარო,დუშეთი
საკრამულის საჯარო,დუშეთი
შუახევის საჯარო,დუშეთი
ლამო საჯარო,დუშეთი
ოძისის საჯარო,დუშეთი
ჭილურტის საჯარო,დუშეთი
არღუნის საჯარო,დუშეთი
წითლიანების საჯარო,დუშეთი
გუდამაყრის საჯარო,დუშეთი
მაღაროსკარის საჯარო,დუშეთი
გრემისხევის საჯარო,დუშეთი
მჭადიჯვრის საჯარო,დუშეთი
ანანურის საჯარო,დუშეთი
ბაზალეთის საჯარო,დუშეთი
ბარისახოს საჯარო,დუშეთი
ბაგის,დუშეთი
საჯარო,დუშეთი
ძავერის,დუშეთი
სხვა სკოლა,ვანი
№1 საჯარო,ვანი
№2 საჯარო,ვანი
მთისძირის საჯარო,ვანი
შუამთას საჯარო,ვანი
ტობანიერის საჯარო,ვანი
ყუმურის საჯარო,ვანი
მუქედის საჯარო,ვანი
ზედა  ვანის საჯარო,ვანი
სალხინოს საჯარო,ვანი
ისრითის საჯარო,ვანი
სულორის საჯარო,ვანი
ძულუხის საჯარო,ვანი
ბზვანის საჯარო,ვანი
ამაღლების საჯარო,ვანი
ზეინდარის საჯარო,ვანი
შუაგორას საჯარო,ვანი
ქვედა გორას საჯარო,ვანი
უხუთის საჯარო,ვანი
შოთა ხურციძის სახელობის  საპრასიის საჯარო,ვანი
ფერეთას საჯარო,ვანი
სალომინაოს საჯარო,ვანი
ციხესულორის საჯარო,ვანი
დუცხუნის საჯარო,ვანი
გადიდის საჯარო,ვანი
ონჯოხეთის საჯარო,ვანი
ზედა ბზვანის საჯარო,ვანი
ინაშაურის საჯარო,ვანი
ზედა გორას საჯარო,ვანი
მიქელეფონის საჯარო,ვანი
რომანეთის საჯარო,ვანი
ა(ა)იპ საქართველოს საპატრიარქოს წმიდა მოციქულთასწორის ნინო ქართველთგანმანათლებლის სახელობის ვანის მართლმადიდებლური გიმნაზია,ვანი
ბზვანის საჯარო,ვანი
გადიდის საჯარო,ვანი
დუცხუნის საჯარო,ვანი
ზედა გორას საჯარო,ვანი
ინაშაურის საჯარო,ვანი
მიქელეფონის საჯარო,ვანი
ონჯოხეთის საჯარო,ვანი
რომანეთის საჯარო,ვანი
ქვედა გორას საჯარო,ვანი
შუაგორას საჯარო,ვანი
ციხესულორის საჯარო,ვანი
ძულუხის საჯარო,ვანი
№1 საჯარო,ვანი
კიროვის,ვანი
მექედის,ვანი
სხვა სკოლა,ზესტაფონი
ალავერდის საჯარო,ზესტაფონი
№2 საჯარო,ზესტაფონი
რკვიის საჯარო,ზესტაფონი
შროშის საჯარო,ზესტაფონი
ილემის საჯარო,ზესტაფონი
ცხრაწყაროს საჯარო,ზესტაფონი
№4 საჯარო,ზესტაფონი
ძირულის საჯარო,ზესტაფონი
№3 საჯარო,ზესტაფონი
ქვედა საზანოს №3 საჯარო,ზესტაფონი
ფუთის საჯარო,ზესტაფონი
№7 საჯარო,ზესტაფონი
ზოვრეთის საჯარო,ზესტაფონი
როდინაულის საჯარო,ზესტაფონი
პირველი სვირის საჯარო,ზესტაფონი
ზედა საქარის საჯარო,ზესტაფონი
№5 საჯარო,ზესტაფონი
მეორე სვირის №1 საჯარო,ზესტაფონი
ქვედა საქარის საჯარო,ზესტაფონი
ბოსლევის საჯარო,ზესტაფონი
ქვედა საზანოს №2 საჯარო,ზესტაფონი
შორაპნის საჯარო,ზესტაფონი
კლდეეთის საჯარო,ზესტაფონი
არგვეთის საჯარო,ზესტაფონი
დილიკაურის საჯარო,ზესტაფონი
ქვედა საზანოს №1 საჯარო,ზესტაფონი
ტაბაკინის საჯარო,ზესტაფონი
№1 საჯარო,ზესტაფონი
წევის საჯარო,ზესტაფონი
კვალითის საჯარო,ზესტაფონი
№6 საჯარო,ზესტაფონი
მეორე სვირის №2 საჯარო,ზესტაფონი
ცხენთაროს საჯარო,ზესტაფონი
ანაბასისი,ზესტაფონი
თავისუფალი სკოლა,ზესტაფონი
მეორე სვირის საჯარო,ზესტაფონი
ორნატი,ზესტაფონი
10,ზესტაფონი
ბეღლევის,ზესტაფონი
ზედა საზანოს,ზესტაფონი
საზანოს,ზესტაფონი
წყალაფორეთის,ზესტაფონი
სხვა სკოლა,ზუგდიდი
რიყის საჯარო,ზუგდიდი
№1 საჯარო,ზუგდიდი
№8 საჯარო,ზუგდიდი
ჯიხაშკარის №2 საჯარო,ზუგდიდი
№2 საჯარო,ზუგდიდი
ჩხორიის საჯარო,ზუგდიდი
ორულუს საჯარო,ზუგდიდი
ურთის საჯარო,ზუგდიდი
დარჩელის №2 საჯარო,ზუგდიდი
ზედაეწერის საჯარო,ზუგდიდი
ანაკლიის საჯარო,ზუგდიდი
ყულიშკარის საჯარო,ზუგდიდი
კახათის №1 საჯარო,ზუგდიდი
კორცხელის საჯარო,ზუგდიდი
ტყაიის საჯარო,ზუგდიდი
კახათის №2 საჯარო,ზუგდიდი
ონარიის საჯარო,ზუგდიდი
№10 საჯარო,ზუგდიდი
№12 საჯარო,ზუგდიდი
აბასთუმნის საჯარო,ზუგდიდი
ახალაბასთუმნის საჯარო,ზუგდიდი
ნარაზენის საჯარო,ზუგდიდი
ახალკახათის საჯარო,ზუგდიდი
ერგეტის საჯარო,ზუგდიდი
ჯუმის საჯარო,ზუგდიდი
რუხის საჯარო,ზუგდიდი
№5 საჯარო,ზუგდიდი
დიდინეძის საჯარო,ზუგდიდი
№3 საჯარო,ზუგდიდი
ოდიშის №2 საჯარო,ზუგდიდი
ოქტომბრის საჯარო,ზუგდიდი
ჭაქვინჯის საჯარო,ზუგდიდი
ინგირის №2 საჯარო,ზუგდიდი
ცაიშის საჯარო,ზუგდიდი
ინგირის №1 საჯარო,ზუგდიდი
განმუხურის საჯარო,ზუგდიდი
№11 საჯარო,ზუგდიდი
ოდიშის №1 საჯარო,ზუგდიდი
ორსანტიის საჯარო,ზუგდიდი
ჭკადუაშის საჯარო,ზუგდიდი
№9 საჯარო,ზუგდიდი
შამგონის საჯარო,ზუგდიდი
დარჩელის №1 საჯარო,ზუგდიდი
ჯიხაშკარის №1 საჯარო,ზუგდიდი
ახალსოფლის საჯარო,ზუგდიდი
№6 საჯარო,ზუგდიდი
კოკის საჯარო,ზუგდიდი
გრიგოლიშის საჯარო,ზუგდიდი
№7 საჯარო,ზუგდიდი
ჭითაწყარის საჯარო,ზუგდიდი
№4 საჯარო,ზუგდიდი
ჩირაღდანი,ზუგდიდი
"საქართველოს საპატრიარქო,  წმიდა გიორგის სახელობის გიმნაზია",ზუგდიდი
პრინც მიურატის სახელობის ქართულფრანგული კოლეჯი,ზუგდიდი
ეტალონი,ზუგდიდი
საქართველოს საპატრიარქოს კახათის წმიდა გიორგის სახელობის სასულიერო გიმნაზია,ზუგდიდი
ალექსანდრე ღურწკაიას გიმნაზიაჯიჯი,ზუგდიდი
14,ზუგდიდი
აფხაზეთის,ზუგდიდი
აფხაზეთის 1,ზუგდიდი
აფხაზეთის 11,ზუგდიდი
აფხაზეთის 12,ზუგდიდი
აფხაზეთის 14,ზუგდიდი
აფხაზეთის 15,ზუგდიდი
კირცხის 1,ზუგდიდი
ნაწულუკუს,ზუგდიდი
პირველი მაისის,ზუგდიდი
საჯიჯაოს 1,ზუგდიდი
ტელმანის 2,ზუგდიდი
ჭალის 2,ზუგდიდი
ხაიშის,ზუგდიდი
ჯიელსი,ზუგდიდი
სხვა სკოლა,თბილისი
№10 საჯარო,თბილისი
№11 საჯარო,თბილისი
№112 საჯარო,თბილისი
№113 საჯარო,თბილისი
№114 საჯარო,თბილისი
№115 საჯარო,თბილისი
№118 საჯარო,თბილისი
№119 საჯარო,თბილისი
№12 საჯარო,თბილისი
№120 საჯარო,თბილისი
№129 საჯარო,თბილისი
№132 საჯარო,თბილისი
№133 საჯარო,თბილისი
№136 საჯარო,თბილისი
№138 საჯარო,თბილისი
№14 საჯარო,თბილისი
№141 საჯარო,თბილისი
№142 საჯარო,თბილისი
№143 საჯარო,თბილისი
№149 საჯარო,თბილისი
№154 საჯარო,თბილისი
№159 საჯარო,თბილისი
№16 საჯარო,თბილისი
№160 საჯარო,თბილისი
№167 საჯარო,თბილისი
№173 საჯარო,თბილისი
№174 საჯარო,თბილისი
№175 საჯარო,თბილისი
№177 საჯარო,თბილისი
№181 საჯარო,თბილისი
№190 საჯარო,თბილისი
№191 საჯარო,თბილისი
№200 საჯარო,თბილისი
№207 საჯარო,თბილისი
№208 საჯარო,თბილისი
№209 საჯარო,თბილისი
№32 საჯარო,თბილისი
№39 საჯარო,თბილისი
№45 საჯარო,თბილისი
№48 საჯარო,თბილისი
№59 საჯარო,თბილისი
№6 საჯარო,თბილისი
№69 საჯარო,თბილისი
№71 საჯარო,თბილისი
№79 საჯარო,თბილისი
№8 საჯარო,თბილისი
№9 საჯარო,თბილისი
№126 საჯარო,თბილისი
№165 საჯარო,თბილისი
№158 საჯარო,თბილისი
№171 საჯარო,თბილისი
№35 საჯარო,თბილისი
№61 საჯარო,თბილისი
№122 საჯარო,თბილისი
№17 საჯარო,თბილისი
№195 საჯარო,თბილისი
№41 საჯარო,თბილისი
№62 საჯარო,თბილისი
№186 საჯარო,თბილისი
№192 საჯარო,თბილისი
№203 საჯარო,თბილისი
№55 საჯარო,თბილისი
№60 საჯარო,თბილისი
№198 საჯარო,თბილისი
№199 საჯარო,თბილისი
№102 საჯარო,თბილისი
№64 საჯარო,თბილისი
№162 საჯარო,თბილისი
პირველი ექსპერიმენტული საჯარო,თბილისი
№52 საჯარო,თბილისი
№161 საჯარო,თბილისი
№54 საჯარო,თბილისი
№123 საჯარო,თბილისი
№128 საჯარო,თბილისი
№151 საჯარო,თბილისი
№210 საჯარო,თბილისი
№5 საჯარო,თბილისი
№166 საჯარო,თბილისი
№140 საჯარო,თბილისი
№100 საჯარო,თბილისი
№130 საჯარო,თბილისი
№2 საჯარო,თბილისი
№22 საჯარო,თბილისი
№169 საჯარო,თბილისი
№155 საჯარო,თბილისი
№147 საჯარო,თბილისი
№26 საჯარო,თბილისი
№116 საჯარო,თბილისი
№4 საჯარო,თბილისი
№29 საჯარო,თბილისი
№37 საჯარო,თბილისი
№21 საჯარო,თბილისი
№46 საჯარო,თბილისი
№47 საჯარო,თბილისი
№23 საჯარო,თბილისი
№84 საჯარო,თბილისი
№53 საჯარო,თბილისი
№73 საჯარო,თბილისი
№18 საჯარო,თბილისი
№36 საჯარო,თბილისი
№88 საჯარო,თბილისი
№51 საჯარო,თბილისი
№183 საჯარო,თბილისი
№202 საჯარო,თბილისი
№43 საჯარო,თბილისი
№50 საჯარო,თბილისი
№31 საჯარო,თბილისი
№104 საჯარო,თბილისი
№42 საჯარო,თბილისი
№ 49 საჯარო,თბილისი
№77 საჯარო,თბილისი
№75 საჯარო,თბილისი
№30 საჯარო,თბილისი
№63 საჯარო,თბილისი
№98 საჯარო,თბილისი
№67 საჯარო,თბილისი
№150 საჯარო,თბილისი
თბილისის კლასიკური გიმნაზია,თბილისი
№20 საჯარო,თბილისი
№81 საჯარო,თბილისი
№144 საჯარო,თბილისი
№106 საჯარო,თბილისი
№74 საჯარო,თბილისი
№163 საჯარო,თბილისი
№87 საჯარო,თბილისი
№127 საჯარო,თბილისი
№219 საჯარო,თბილისი
№218 საჯარო,თბილისი
№107 საჯარო,თბილისი
№146 საჯარო,თბილისი
№131 საჯარო,თბილისი
№157 საჯარო,თბილისი
№145 საჯარო,თბილისი
№152 საჯარო,თბილისი
№97 საჯარო,თბილისი
№139 საჯარო,თბილისი
№85 საჯარო,თბილისი
№89 საჯარო,თბილისი
№90 საჯარო,თბილისი
№65 საჯარო,თბილისი
№180 საჯარო,თბილისი
№86 საჯარო,თბილისი
№99 საჯარო,თბილისი
№153 საჯარო,თბილისი
№176 საჯარო,თბილისი
№179 საჯარო,თბილისი
№70 საჯარო,თბილისი
№105 საჯარო,თბილისი
№82 საჯარო,თბილისი
№76 საჯარო,თბილისი
№96 საჯარო,თბილისი
№108 საჯარო,თბილისი
№83 საჯარო,თბილისი
№72 საჯარო,თბილისი
№94 საჯარო,თბილისი
№124 საჯარო,თბილისი
№178 საჯარო,თბილისი
№92 საჯარო,თბილისი
№168 საჯარო,თბილისი
№103 საჯარო,თბილისი
№156 საჯარო,თბილისი
№182 საჯარო,თბილისი
№117 საჯარო,თბილისი
№172 საჯარო,თბილისი
№217 საჯარო,თბილისი
№215 საჯარო,თბილისი
№216 საჯარო,თბილისი
058 _  ქართულამერიკული უმაღლესი სკოლა,თბილისი
043 _  პოლიგლოტი,თბილისი
042 _  ქ.თბილისის საშუალო სკოლა ლამპარი,თბილისი
041 _  ივერიის ღვთისმშობლის ხატის სკოლა  გიმნაზია,თბილისი
040 _  კანდიდი,თბილისი
039 _  აიაჯესს,თბილისი
038 _  ლომისი I,თბილისი
037 _  ნუნუ ავაგუმაშვილი,თბილისი
ლილე,თბილისი
ახალი ქართული სკოლა,თბილისი
034 _  ცოდნა,თბილისი
033 _  პრომეთე,თბილისი
032 _  ცისაკარი,თბილისი
031 _  თამარიონი,თბილისი
044 _  პეგას,თბილისი
045 _  ფესვები,თბილისი
057 _  ოაზისი,თბილისი
056 _  საქართველოს საპატრიარქოს წმიდა კეთილმსახური მეფე თამა,თბილისი
055 _  თბილისის ნიჭიერთა კერძო სკოლა აკადემია,თბილისი
054 _  ლაშარი,თბილისი
053 _  დეა,თბილისი
052 _  ბრიტანიკა,თბილისი
051 _  სამეცნიერო  საწარმოო ფირმა ალმასი,თბილისი
050 _  ცოდნა  ნათელა მურადაშვილი,თბილისი
049 _ ნიკო ბაგრატიონის სახელობის თავადაზნაურთა სკოლალიცეუმი,თბილისი
047 _  ახალი სკოლა,თბილისი
046 _  მწიგნობართუხუცესი,თბილისი
030 _  გრიგოლ ხანძთელის ეროვნული სკოლა,თბილისი
029 _  ოლიმპი თბილისი +,თბილისი
014 _  ევროპული სკოლა,თბილისი
013 _  საქართველოს უნივერსიტეტის საშუალო სკოლა,თბილისი
012 _  კვირიკე,თბილისი
011 _  საქართველოს საპატრიარქოს წმინდა ნინოს სახელობის მართლ,თბილისი
010 _  ერუდიტი,თბილისი
009 _  საქართველოს საპატრიარქოს წმინდა ილია მართლის სახელობი,თბილისი
008 _  საქართველოს საერო სამხატვრო აკადემია ხელოვნების უმაღლ,თბილისი
007 _  რობერ შუმანის სახელობის ევროპული სასწავლებელი,თბილისი
006 _  ახალი ლიცეუმი,თბილისი
005 _  წმინდა ექვთიმე და გიორგი მთაწმინდელების სახელობის მარ,თბილისი
004 _  ბრიტანულ ქართული აკადემია,თბილისი
არასახელმწიფო საერო ზოგადსაგანმანათლებლო საშუალო სკოლა  მერმისი,თბილისი
002 _  წმინდა დიმიტრი ყიფიანის სახელობის მრავალპროფილიანი სკ,თბილისი
015 _  გიჩისკოლა ჯეჯილი,თბილისი
016 _  ქორალი,თბილისი
027 _  მერცხალი,თბილისი
026 _  მომავლის სკოლა,თბილისი
024 _  გურამ დევდარიანის საავტორო ფიზიკამათემატიკური სკოლა,თბილისი
023 _  ამერიკული აკადემია,თბილისი
022 _  ჩაღლარის საგანმანათლებლო დაწესებულებების სკოლალიცეუ,თბილისი
021 _  არასახელმწიფო საერო საშუალო სკოლა ათინათი,თბილისი
020 _  ასი ათასი მოწამის სახელობის სკოლა ფესვები,თბილისი
019 _  ჯიელსი,თბილისი
იოანე პეტრიწის სახელობის სკოლა იბერია,თბილისი
017 _  თბილისის აკადემიური სკოლა,თბილისი
110 _  1 ეროვნული სკოლა ლიდერი,თბილისი
107 _  1 კრეატიული განათლების სკოლა,თბილისი
108 _  1 საგანმანათლებლო კვლევებისა და პროფესიული განვითარებ,თბილისი
109 _  1 ჩვენი სკოლა,თბილისი
001 _  გრაალი,თბილისი
101 _  ამერიკულქართული განათლების ცენტრი,თბილისი
099 _  ჯივიენ,თბილისი
098 _  ხიხანი მრავალპროფილიანი საშუალო სკოლა,თბილისი
097 _  ვალდორფის სკოლაბაღის კავშირი,თბილისი
096 _  კაი ყმა,თბილისი
095 _  მწიგნობარი,თბილისი
094 _  თავისუფალი პედაგოგიკის ცენტრი,თბილისი
თბილისის საერთაშორისო სკოლა,თბილისი
092 _  საბანკო იურიდიული ლიცეუმი,თბილისი
091 _  გეტი,თბილისი
090 _  აიბი  მთიები,თბილისი
102 _  საერო სკოლა ბინული,თბილისი
106 _    დათა,თბილისი
089 _  ბრიტანული ცენტრის წმინდა ნიკოლოზის სახელობის სკოლა,თბილისი
068 _  თბილისის მწვანე სკოლა,თბილისი
071 _  NK,თბილისი
069 _  სკოლა XXI საუკუნე,თბილისი
100 _  ორ ავნერ და ჰანა,თბილისი
წმინდა გიორგის სახელობის ბრიტანულ ქართული სკოლა,თბილისი
065 _  ვერის უბნის ლიცეუმი,თბილისი
064 _  ფილიპე გოგიჩაიშვილის სახელობის თბილისის იურიდიულეკონ,თბილისი
063 _  სკოლაგიმნაზია პირველი,თბილისი
062 _  დემირელის სახელობის კერძო კოლეჯი,თბილისი
061 _  ქართული სასწავლებელი  თბილისი,თბილისი
060 _  თბილისის საერთაშორისო განათლების სკოლა,თბილისი
072 _  ფენიქსი,თბილისი
103 _  მეექვსე საავტორო სკოლა,თბილისი
074 _  თბილისის გერმანული საერთაშორისო სკოლის დაფუძნებისა და,თბილისი
087 _  ცვი ჰერცის სახელობის თორის სკოლა,თბილისი
085 _  ინტელექტი XXI,თბილისი
083 _  საშუალო სკოლა პოლუსი,თბილისი
082 _  საშუალო სკოლა ნინო,თბილისი
081 _  შავნაბადა,თბილისი
080 _  დავითიანი ნინო ჩოხელი,თბილისი
078 _  შოვი,თბილისი
075 _  მოძღვარი,თბილისი
059 _  მჭევრის დამოუკიდებელი ბიზნეს სკოლა,თბილისი
076 _  ალბიონი,თბილისი
077 _  ოპიზა,თბილისი
079 _  ლამპარი,თბილისი
084 _  კანდელი,თბილისი
086 _  სინათლე,თბილისი
073 _  ინტელექტი,თბილისი
067 _  ოქროს აკვანი,თბილისი
070 _  ივერია,თბილისი
088 _  გრიგოლ ხანძთელის სახელობის მართლმადიდებლური საშუალო ს,თბილისი
ახალი ქართული გიმნაზია,თბილისი
105 _  ნიკოლოზ წერეთლის სახელობის საერთაშორისო სკოლა,თბილისი
111_ ნიუტონის თავისუფალი სკოლა,თბილისი
მილენიუმი,თბილისი
ქართულამერიკული სკოლა,თბილისი
52 _  სამეცნიერო  საწარმოო ფირმა ალმასი,თბილისი
№24 საჯარო,თბილისი
სკოლა ცისკარი,თბილისი
შპს კრწანისი მარჯი,თბილისი
სკოლა სადუნი,თბილისი
სკოლა სანთელი,თბილისი
თანამედროვე განათლების აკადემია,თბილისი
№137   საჯარო,თბილისი
აისი,თბილისი
იუჯი სკოლა,თბილისი
ბაქსვუდის საერთაშორისო სკოლა,თბილისი
003 _  მერმისი,თბილისი
სკოლა სადუნი,თბილისი
აფხაზეთის №3 საჯარო,თბილისი
წმინდა გიორგის სახელობის საერო სკოლა,თბილისი
აფხაზეთის №2 საჯარო,თბილისი
საერთაშორისო სკოლა ლოგოსი,თბილისი
არქიმედე,თბილისი
"შპს ,,ლამპარი“  საქართველოს ტელეკომუნიკაციისა და მენეჯმენტის ინსტიტუტი, მრავალდარგოვანი კოლეჯი, საშუალო ზოგადი განათლების კერძო მრავალპროფილიანი სკოლა",თბილისი
ჰელიოსი,თბილისი
სკოლა ლიცეუმი - სხივი,თბილისი
კავკასიის ფრანგული სკოლა ,თბილისი
ივერონი,თბილისი
3,თბილისი
28,თბილისი
56,თბილისი
57,თბილისი
95,თბილისი
111,თბილისი
148,თბილისი
170,თბილისი
187,თბილისი
196,თბილისი
204,თბილისი
211,თბილისი
212,თბილისი
213,თბილისი
214,თბილისი
ახალსოფლის,თბილისი
ბრითიშ-ქონექშენ,თბილისი
განათლების აკადემია,თბილისი
გენიო,თბილისი
გიორგიძის სახელობის,თბილისი
ვაზიანის 1,თბილისი
თამარ მეფის,თბილისი
იაკობ გოგებაშვილის,თბილისი
ივერონი,თბილისი
კერძო სკოლა,თბილისი
კვირიკეს,თბილისი
მართლმადიდებლური,თბილისი
მუსიკალური სემინარია,თბილისი
პრემიერი,თბილისი
საუნჯე,თბილისი
საჯარო,თბილისი
წმინდა ბარბარეს,თბილისი
ჰამილტონი,თბილისი
სხვა,თეთრიწყარო
№1,თეთრიწყარო
№2,თეთრიწყარო
ალექსეევკის საჯარო სკოლა,თეთრიწყარო
ასურეთის საჯარო სკოლა,თეთრიწყარო
ახალსოფლის საჯარო სკოლა,თეთრიწყარო
ბოგვის საჯარო სკოლა,თეთრიწყარო
ბორბალოს საჯარო სკოლა,თეთრიწყარო
გოლთეთის საჯარო სკოლა,თეთრიწყარო
დიდგორის საჯარო სკოლა,თეთრიწყარო
დიდი თონეთის საჯარო სკოლა,თეთრიწყარო
დუმანისის საჯარო სკოლა,თეთრიწყარო
ენაგეთის საჯარო სკოლა,თეთრიწყარო
ერტისის საჯარო სკოლა,თეთრიწყარო
კოდის საჯარო სკოლა,თეთრიწყარო
მანგლისის №1 საჯარო სკოლა,თეთრიწყარო
მარაბდის საჯარო სკოლა,თეთრიწყარო
ორბეთის საჯარო სკოლა,თეთრიწყარო
პატარა ირაგის საჯარო სკოლა,თეთრიწყარო
სამღერეთის საჯარო სკოლა,თეთრიწყარო
სამშვილდის საჯარო სკოლა,თეთრიწყარო
საღრაშენის საჯარო სკოლა,თეთრიწყარო
ქოსალარის საჯარო სკოლა,თეთრიწყარო
ღოუბანის საჯარო სკოლა,თეთრიწყარო
შავსაყდარის საჯარო სკოლა,თეთრიწყარო
ჩხიკვთას საჯარო სკოლა,თეთრიწყარო
წინწყაროს საჯარო სკოლა,თეთრიწყარო
ჭივჭავის საჯარო სკოლა,თეთრიწყარო
ხაიშის საჯარო სკოლა,თეთრიწყარო
თეთრიწყაროს,თეთრიწყარო
საჯარო,თეთრიწყარო
ტბეთის 2,თეთრიწყარო
სხვა სკოლა,თელავი
რუისპირის საჯარო,თელავი
ვანთის საჯარო,თელავი
ქვემო ხოდაშნის საჯარო,თელავი
კურდღელაურის საჯარო,თელავი
№2 საჯარო,თელავი
ართანის საჯარო,თელავი
ფშაველის საჯარო,თელავი
№6 საჯარო,თელავი
ლაფანყურის საჯარო,თელავი
ყარაჯალის საჯარო,თელავი
აკურის საჯარო,თელავი
კონდოლის საჯარო,თელავი
№1 საჯარო,თელავი
№9 საჯარო,თელავი
გულგულის საჯარო,თელავი
ნაფარეულის საჯარო,თელავი
№5 საჯარო,თელავი
№4 საჯარო,თელავი
№3 საჯარო,თელავი
თეთრიწყლების საჯარო,თელავი
კისისხევის საჯარო,თელავი
წინანდლის საჯარო,თელავი
ბუშეტის საჯარო,თელავი
ვარდისუბნის საჯარო,თელავი
№8 საჯარო,თელავი
იყალთოს საჯარო,თელავი
№7 საჯარო,თელავი
"წმინდა ბიძინა, შალვა და ელიზბარის სახელობის ზოგადსაგანმანათლებლო სკოლა",თელავი
აიბი მთიები,თელავი
ალმატის,თელავი
გერმანული,თელავი
ევროპული სკოლა,თელავი
ოჟიოს,თელავი
სამრევლო,თელავი
სანიორეს,თელავი
ქვემო ალვანის,თელავი
შალაურის,თელავი
ხოდაშნის,თელავი
სხვა სკოლა,თერჯოლა
თუზის საჯარო,თერჯოლა
ქვედა სიმონეთის №2 საჯარო,თერჯოლა
თერჯოლის №1 საჯარო,თერჯოლა
ბარდუბნის საჯარო,თერჯოლა
ჩხარის №2 საჯარო,თერჯოლა
ნახშირღელის საჯარო,თერჯოლა
ქვედა სიმონეთის №1 საჯარო,თერჯოლა
ზედა სიმონეთის საჯარო,თერჯოლა
ნაგარევის საჯარო,თერჯოლა
გოგნის საჯარო,თერჯოლა
ჩხარის №1 საჯარო,თერჯოლა
ძევრის საჯარო,თერჯოლა
ღვანკითის საჯარო,თერჯოლა
ზედა საზანოს საჯარო,თერჯოლა
ჭოგნარის საჯარო,თერჯოლა
გოდოგანის საჯარო,თერჯოლა
რუფოთის საჯარო,თერჯოლა
სიქთარვას საჯარო,თერჯოლა
ეწრის საჯარო,თერჯოლა
ახალთერჯოლის საჯარო,თერჯოლა
კვახჭირის საჯარო,თერჯოლა
თერჯოლის №2 საჯარო,თერჯოლა
ალისუბნის თემის №1 საჯარო,თერჯოლა
ალისუბნის თემის №2 საჯარო,თერჯოლა
შპს მზეკაბანი - 2007,თერჯოლა
№1,თერჯოლა
№2,თერჯოლა
ალისუბნის თემის №1 საჯარო სკოლა,თერჯოლა
ალისუბნის თემის №2 საჯარო სკოლა,თერჯოლა
ახალთერჯოლის საჯარო სკოლა,თერჯოლა
ბარდუბნის საჯარო სკოლა,თერჯოლა
გოგნის საჯარო სკოლა,თერჯოლა
გოდოგანის საჯარო სკოლა,თერჯოლა
ეწრის საჯარო სკოლა,თერჯოლა
ზედა საზანოს საჯარო სკოლა,თერჯოლა
ზედა სიმონეთის საჯარო სკოლა,თერჯოლა
თუზის საჯარო სკოლა,თერჯოლა
კვახჭირის საჯარო სკოლა,თერჯოლა
ნაგარევის საჯარო სკოლა,თერჯოლა
ნახშირღელის საჯარო სკოლა,თერჯოლა
რუფოთის საჯარო სკოლა,თერჯოლა
სიქთარვას საჯარო სკოლა,თერჯოლა
სოფელ ჭოგნარის საჯარო სკოლა,თერჯოლა
ქვედა სიმონეთის №1 საჯარო სკოლა,თერჯოლა
ქვედა სიმონეთის №2 საჯარო სკოლა,თერჯოლა
ღვანკითის საჯარო სკოლა,თერჯოლა
ჩხარის №1 საჯარო სკოლა,თერჯოლა
ჩხარის №2 საჯარო სკოლა,თერჯოლა
ძევრის საჯარო სკოლა,თერჯოლა
დავით კლდიაშვილის,თერჯოლა
ვარდიგორის,თერჯოლა
ზედა ალისუბნის 2,თერჯოლა
ზოვრეთის,თერჯოლა
კლდიაშვილის,თერჯოლა
სხვა,თიანეთი
№1,თიანეთი
№2,თიანეთი
ახალსოფლის საჯარო სკოლა,თიანეთი
ბოჭორმის საჯარო სკოლა,თიანეთი
ზარიძეების საჯარო სკოლა,თიანეთი
ნაქალაქარის საჯარო სკოლა,თიანეთი
ჟებოტის საჯარო სკოლა,თიანეთი
სიმონიანთხევის საჯარო სკოლა,თიანეთი
სიონის საჯარო სკოლა,თიანეთი
ტუშურების საჯარო სკოლა,თიანეთი
ღულელების საჯარო სკოლა,თიანეთი
ჩეკურაანთგორის საჯარო სკოლა,თიანეთი
ხევსურთსოფლის საჯარო სკოლა,თიანეთი
თიანეთის,თიანეთი
სხვა სკოლა,კასპი
№1საჯარო,კასპი
№2საჯარო,კასპი
№3საჯარო,კასპი
აღაიანის საჯარო,კასპი
№4საჯარო,კასპი
ახალის საჯარო,კასპი
საჯარო,კასპი
დოესის საჯარო,კასპი
ზემო ხანდაკის საჯარო,კასპი
თვალადის საჯარო,კასპი
იგოეთი  საჯარო,კასპი
კავთისხევის საჯარო,კასპი
ლამისყანის საჯარო,კასპი
მეტეხის№1საჯარო,კასპი
ოკამის საჯარო,კასპი
საქადაგიანოს საჯარო,კასპი
ნიგოზას საჯარო,კასპი
სამთავისის საჯარო  სკოლა,კასპი
სასირეთის საჯარო,კასპი
ქვემო ჭალის საჯარო,კასპი
ქვემო გომის საჯარო,კასპი
ხოვლის საჯარო,კასპი
გუდალეთის საჯარო,კასპი
კოდისწყაროს საჯარო,კასპი
მეტეხის№2 საჯარო,კასპი
მიქელწყაროს საჯარო,კასპი
ფერმის საჯარო,კასპი
ქვემო  ხანდაკის საჯარო,კასპი
წინარეხის საჯარო,კასპი
ბესიკ ნიპარიშვილი მრავალპროფილიანი სკოლაგიმნაზია,კასპი
ახლციხისსაჯარო,კასპი
ახალქალაქის საჯარო,კასპი
დოესის საჯარო,კასპი
თვალადის საჯარო,კასპი
ზემო ხანდაკის საჯარო,კასპი
იგოეთის  საჯარო,კასპი
კავთისხევის საჯარო,კასპი
მეტეხის№1საჯარო,კასპი
საჯარო,კასპი
სკრის,კასპი
სხვა,ლაგოდეხი
არეშფერანის  საჯარო სკოლა,ლაგოდეხი
არეშფერანის  საჯარო სკოლა  ,ლაგოდეხი
აფენის N1  საჯარო სკოლა  ,ლაგოდეხი
აფენის N1  საჯარო სკოლა  ,ლაგოდეხი
აფენის N2  საჯარო სკოლა  ,ლაგოდეხი
ბაისუბნის საჯარო სკოლა  ,ლაგოდეხი
განჯალის  საჯარო სკოლა  ,ლაგოდეხი
გვიმრიანის  საჯარო სკოლა  ,ლაგოდეხი
გიორგეთის  საჯარო სკოლა  ,ლაგოდეხი
დავითიანის  საჯარო სკოლა  ,ლაგოდეხი
ვარდისუბნის  საჯარო სკოლა,ლაგოდეხი
თამარიანის  საჯარო სკოლა,ლაგოდეხი
თელის  საჯარო სკოლა,ლაგოდეხი
კაბლის N1  საჯარო სკოლა,ლაგოდეხი
კაბლის N2  საჯარო სკოლა,ლაგოდეხი
კართუბნის  საჯარო სკოლა,ლაგოდეხი
ლაგოდეხის N1 საჯარო სკოლა,ლაგოდეხი
ლაგოდეხის N3 საჯარო სკოლა,ლაგოდეხი
ლელიანის საჯარო სკოლა,ლაგოდეხი
მაწიმის  საჯარო სკოლა,ლაგოდეხი
მსხალგორის  საჯარო სკოლა,ლაგოდეხი
ნინიგორის  საჯარო სკოლა,ლაგოდეხი
უზუნთალის საჯარო სკოლა,ლაგოდეხი
ფონის საჯარო სკოლა,ლაგოდეხი
ყარაჯალის საჯარო სკოლა,ლაგოდეხი
შრომის საჯარო სკოლა,ლაგოდეხი
ცოდნისკარის საჯარო სკოლა,ლაგოდეხი
ჭაბუკიანის  საჯარო სკოლა,ლაგოდეხი
ჭიაურის საჯარო სკოლა,ლაგოდეხი
ჰერეთისკარის  საჯარო სკოლა,ლაგოდეხი
2,ლაგოდეხი
გურგენიას,ლაგოდეხი
საჯარო,ლაგოდეხი
სხვა,ლანჩხუთი
წმიდა იოანე ნათლისმცემლის სახელობის სასულიერო გიმნაზია,ლანჩხუთი
№1,ლანჩხუთი
№2,ლანჩხუთი
№3,ლანჩხუთი
აკეთის საჯარო სკოლა,ლანჩხუთი
აცანის საჯარო სკოლა,ლანჩხუთი
ახალსოფლის საჯარო სკოლა,ლანჩხუთი
ლესის საჯარო სკოლა,ლანჩხუთი
მამათის საჯარო სკოლა,ლანჩხუთი
ნიგვზიანის საჯარო სკოლა,ლანჩხუთი
ნიგოითის საჯარო სკოლა,ლანჩხუთი
ნინოშვილის საჯარო სკოლა,ლანჩხუთი
სუფსის საჯარო სკოლა,ლანჩხუთი
ქვემო აკეთის საჯარო სკოლა,ლანჩხუთი
ქვიანის საჯარო სკოლა,ლანჩხუთი
ღრმაღელის საჯარო სკოლა,ლანჩხუთი
შრომისუბნის საჯარო სკოლა,ლანჩხუთი
შუხუთის საჯარო სკოლა,ლანჩხუთი
ჩიბათის საჯარო სკოლა,ლანჩხუთი
ჩოჩხათის საჯარო სკოლა,ლანჩხუთი
წყალწმინდის საჯარო სკოლა,ლანჩხუთი
ჭანჭათის საჯარო სკოლა,ლანჩხუთი
ხაჯალიის საჯარო სკოლა,ლანჩხუთი
ჯურუყვეთის №1 საჯარო სკოლა,ლანჩხუთი
ჯურუყვეთის №2 საჯარო სკოლა,ლანჩხუთი
გულიანის,ლანჩხუთი
სხვა,ლენტეხი
№1,ლენტეხი
№2,ლენტეხი
მელეს საჯარო სკოლა,ლენტეხი
ჟახუნდერის საჯარო სკოლა,ლენტეხი
რცხმელურის საჯარო სკოლა,ლენტეხი
სასაშის საჯარო სკოლა,ლენტეხი
ფანაგის საჯარო სკოლა,ლენტეხი
ჩიხარეშის საჯარო სკოლა,ლენტეხი
ჩოლურის საჯარო სკოლა,ლენტეხი
ხელედის საჯარო სკოლა,ლენტეხი
ხოფურის საჯარო სკოლა,ლენტეხი
სხვა,მარნეული
აზიზკენდის საჯარო სკოლა,მარნეული
ალავრის საჯარო სკოლა,მარნეული
ალგეთის #1 საჯარო სკოლა,მარნეული
ალგეთის #2 საჯარო სკოლა,მარნეული
ალგეთის #3 საჯარო სკოლა,მარნეული
არაფლოს საჯარო სკოლა,მარნეული
აღმამედლოს საჯარო სკოლა,მარნეული
ახალი დიოკნისის საჯარო სკოლა,მარნეული
ახკერპის საჯარო სკოლა,მარნეული
აღკულის საჯარო სკოლა,მარნეული
ახლოლალოს საჯარო სკოლა,მარნეული
ბაიდარის საჯარო სკოლა,მარნეული
ბაითალოს საჯარო სკოლა,მარნეული
ბეითარაბჩის საჯარო სკოლა,მარნეული
გიულიბაღის საჯარო სკოლა,მარნეული
დამიაგეორარხის საჯარო სკოლა,მარნეული
დამიის საჯარო სკოლა,მარნეული
დაშტაფას საჯარო სკოლა,მარნეული
დ.ბეგლიარის საჯარო სკოლა,მარნეული
დ.მუღანლოს საჯარო სკოლა,მარნეული
ზ.სარალის საჯარო სკოლა,მარნეული
თაზაქენდ. #1 საჯარო სკოლა,მარნეული
თაზაქენდ. #2 საჯარო სკოლა,მარნეული
თამარისის #1 საჯარო სკოლა,მარნეული
თაქალოს საჯარო სკოლა,მარნეული
ილმაზლოს საჯარო სკოლა,მარნეული
იმირის საჯარო სკოლა,მარნეული
კასუმლოს საჯარო სკოლა,მარნეული
კაჩაგანის #1 საჯარო სკოლა,მარნეული
კაჩაგანის #2 საჯარო სკოლა,მარნეული
კირიხლოს საჯარო სკოლა,მარნეული
კიროვკას საჯარო სკოლა,მარნეული
ლეჯბადინის საჯარო სკოლა,მარნეული
მარადისის საჯარო სკოლა,მარნეული
მარნეულის#8 საჯარო სკოლა,მარნეული
მარნეულის#1 საჯარო სკოლა,მარნეული
მარნეულის#2 საჯარო სკოლა,მარნეული
მარნეულის#3 საჯარო სკოლა,მარნეული
მარნეულის#4 საჯარო სკოლა,მარნეული
მარნეულის#5 საჯარო სკოლა,მარნეული
მარნეულის#6 საჯარო სკოლა,მარნეული
მოლაოღლის საჯარო სკოლა,მარნეული
საიმერლოს საჯარო,მარნეული
ოფრეთის საჯარო სკოლა,მარნეული
ქესალოს საჯარო სკოლა,მარნეული
საბირკენდის #1 საჯარო სკოლა,მარნეული
სადახლოს #1 საჯარო სკოლა,მარნეული
სადახლოს #2 საჯარო სკოლა,მარნეული
მარნეულის#7 საჯარო სკოლა,მარნეული
სიონის საჯარო სკოლა,მარნეული
ულაშლოს საჯარო სკოლა,მარნეული
ქაფანახჩის საჯარო სკოლა,მარნეული
ქეშალოს საჯარო სკოლა,მარნეული
ქვ. სარალის საჯარო სკოლა,მარნეული
კირაჩმუღანლოს საჯარო სკოლა,მარნეული
კურტლიარის საჯარო სკოლა,მარნეული
ყიზილაჯ. #1 საჯარო სკოლა,მარნეული
ყიზილაჯ. #2 საჯარო სკოლა,მარნეული
ყულარის საჯარო სკოლა,მარნეული
შაუმიანის #1 საჯარო სკოლა,მარნეული
შაუმიანის #2 საჯარო სკოლა,მარნეული
შაუმიანის #3 საჯარო სკოლა,მარნეული
შულავერ. #1 საჯარო სკოლა,მარნეული
შულავერ. #2 საჯარო სკოლა,მარნეული
ჩანახჩის საჯარო სკოლა,მარნეული
ცოფის საჯარო სკოლა,მარნეული
წერაქვის საჯარო სკოლა,მარნეული
წითელსოფელის საჯარო სკოლა,მარნეული
ჯანდარის საჯარო სკოლა,მარნეული
ხანჯიგაზლოს საჯარო სკოლა,მარნეული
ხიხანის საჯარო სკოლა,მარნეული
ხოჯორნის საჯარო სკოლა,მარნეული
ხულდარის საჯარო სკოლა,მარნეული
წერეთლის საჯარო სკოლა,მარნეული
შპს დავით აღმაშენებლის სახელობის სკოლა-ლიცეუმი,მარნეული
№1,მარნეული
№2,მარნეული
№3,მარნეული
№4,მარნეული
№5,მარნეული
№6,მარნეული
№7,მარნეული
№8,მარნეული
აზიზკენდის საჯარო სკოლა,მარნეული
ალავარის საჯარო სკოლა,მარნეული
ალგეთის №1 საჯარო სკოლა,მარნეული
ალგეთის №2 საჯარო სკოლა,მარნეული
ალგეთის №3 საჯარო სკოლა,მარნეული
არაფლოს საჯარო სკოლა,მარნეული
აღკულის საჯარო სკოლა,მარნეული
აღმამედლოს საჯარო სკოლა,მარნეული
ახალი დიოკნისის საჯარო სკოლა,მარნეული
ახკერპის საჯარო სკოლა,მარნეული
ახლოლალოს საჯარო სკოლა,მარნეული
ბაიდარის საჯარო სკოლა,მარნეული
ბაითალოს საჯარო სკოლა,მარნეული
ბეითარაბჩის საჯარო სკოლა,მარნეული
გიულიბაღის საჯარო სკოლა,მარნეული
დამიაგეორარხის საჯარო სკოლა,მარნეული
დამიის საჯარო სკოლა,მარნეული
დაშტაფის საჯარო სკოლა,მარნეული
დიდი ბეგლიარის საჯარო სკოლა,მარნეული
დიდი მუღანლოს საჯარო სკოლა,მარნეული
ზემო სარალის საჯარო სკოლა,მარნეული
თაზაკენდის №1 საჯარო სკოლა,მარნეული
თაზაკენდის №2 საჯარო სკოლა,მარნეული
თამარისის №1 საჯარო სკოლა,მარნეული
თაქალოს საჯარო სკოლა,მარნეული
ილმაზლოს საჯარო სკოლა,მარნეული
იმირის საჯარო სკოლა,მარნეული
კასუმლოს საჯარო სკოლა,მარნეული
კაჩაგანის №1 საჯარო სკოლა,მარნეული
კაჩაგანის №2 საჯარო სკოლა,მარნეული
კირაჩმუღანლოს საჯარო სკოლა,მარნეული
კირიხლოს საჯარო სკოლა,მარნეული
კიროვკის საჯარო სკოლა,მარნეული
კურტლარის საჯარო სკოლა,მარნეული
ლეჟბადინის საჯარო სკოლა,მარნეული
მარადისის საჯარო სკოლა,მარნეული
მოლაოღლის საჯარო სკოლა,მარნეული
ოფრეთის საჯარო სკოლა,მარნეული
საბირკენდის №1 საჯარო სკოლა,მარნეული
სადახლოს №1 საჯარო სკოლა,მარნეული
სადახლოს №2 საჯარო სკოლა,მარნეული
საიმერლოს საჯარო სკოლა,მარნეული
სიონის საჯარო სკოლა,მარნეული
ულაშლოს საჯარო სკოლა,მარნეული
ქაპანახჩის საჯარო სკოლა,მარნეული
ქესალოს საჯარო სკოლა,მარნეული
ქეშალოს საჯარო სკოლა,მარნეული
ქვემო სარალის საჯარო სკოლა,მარნეული
ყიზილაჯლოს №1 საჯარო სკოლა,მარნეული
ყიზილაჯლოს №2 საჯარო სკოლა,მარნეული
ყულარის საჯარო სკოლა,მარნეული
შაუმიანის №1 საჯარო სკოლა,მარნეული
შაუმიანის №2 საჯარო სკოლა,მარნეული
შაუმიანის №3 საჯარო სკოლა,მარნეული
შულავერის №1 საჯარო სკოლა,მარნეული
შულავერის №2 საჯარო სკოლა,მარნეული
ჩანახჩის საჯარო სკოლა,მარნეული
ცოფის საჯარო სკოლა,მარნეული
წერაქვის საჯარო სკოლა,მარნეული
წერეთელის საჯარო სკოლა,მარნეული
წითელსოფელის საჯარო სკოლა,მარნეული
ხანჯიგაზლოს საჯარო სკოლა,მარნეული
ხიხანის საჯარო სკოლა,მარნეული
ხოჯორნის საჯარო სკოლა,მარნეული
ხულდარის საჯარო სკოლა,მარნეული
ჯანდარის საჯარო სკოლა,მარნეული
სხვა სკოლა,მარტვილი
№1 საჯარო,მარტვილი
დიდი ჭყონის №1 საჯარო,მარტვილი
სერგიეთის საჯარო,მარტვილი
ზედა ხუნწის საჯარო,მარტვილი
ლეცავეს საჯარო,მარტვილი
ვედიდკარის საჯარო,მარტვილი
ხუნწის საჯარო,მარტვილი
დოშაყეს საჯარო,მარტვილი
№2 საჯარო,მარტვილი
გაჭედილის საჯარო,მარტვილი
წაჩხურას საჯარო,მარტვილი
აბედათის საჯარო,მარტვილი
ონოღიას საჯარო,მარტვილი
ბანძის საჯარო,მარტვილი
ლედგებეს საჯარო,მარტვილი
ნახურცილაოს საჯარო,მარტვილი
ინჩხურის საჯარო,მარტვილი
კურზუს საჯარო,მარტვილი
ნოღის საჯარო,მარტვილი
დიდი ჭყონის №2 საჯარო,მარტვილი
ოჩეს საჯარო,მარტვილი
დღვანას საჯარო,მარტვილი
ქვედა ნაგვაზაოს საჯარო,მარტვილი
ნაგებერაოს საჯარო,მარტვილი
თამაკონის საჯარო,მარტვილი
ბალდის საჯარო,მარტვილი
გურძემის საჯარო,მარტვილი
კიწიის საჯარო,მარტვილი
ნოშრევან ჯიშკარიანის სახელობის    ზედა ნაგვაზაოს საჯარო,მარტვილი
ტალერის საჯარო,მარტვილი
მუხურჩის საჯარო,მარტვილი
ჯოლევის საჯარო,მარტვილი
ბესიკ ხულორდავას სახელობის    სალხინოს საჯარო,მარტვილი
IIნამიკოლაოს საჯარო,მარტვილი
გელა ჭედიას სახელობის    ლეციცხვაიეს საჯარო,მარტვილი
სხივი,მარტვილი
ა(ა)იპ საქართველოს საპატრიარქოს წმინდა ამბროსი ხელაიას სახელობის ზოგადსაგანმანათლებლო სკოლა,მარტვილი
ლეხაინდრაოს საჯარო,მარტვილი
ნახუნაოს საჯარო,მარტვილი
სხვა,მესტია
წმინდა ილარიონ ქართველის სახელობის მართლმადიდებლური ზოგადსაგანმანათლებლო საშუალო სკოლა,მესტია
№1,მესტია
№2,მესტია
№3,მესტია
ბეჩოს საჯარო სკოლა,მესტია
ეცერის საჯარო სკოლა,მესტია
იდლიანის საჯარო სკოლა,მესტია
იელის საჯარო სკოლა,მესტია
იფარის საჯარო სკოლა,მესტია
კალის საჯარო სკოლა,მესტია
ლატალის საჯარო სკოლა,მესტია
ლახამულას საჯარო სკოლა,მესტია
ლენჯერის №1 საჯარო სკოლა,მესტია
ლენჯერის №2 საჯარო სკოლა,მესტია
მაზერის საჯარო სკოლა,მესტია
მულახის საჯარო სკოლა,მესტია
მუჟალის საჯარო სკოლა,მესტია
ნაკრის საჯარო სკოლა,მესტია
უშგულის საჯარო სკოლა,მესტია
ფარის საჯარო სკოლა,მესტია
ყარ-სგურიშის საჯარო სკოლა,მესტია
ცხუმარის საჯარო სკოლა,მესტია
წვირმის საჯარო სკოლა,მესტია
ჭუბერის საჯარო სკოლა,მესტია
ხაიშის საჯარო სკოლა,მესტია
სხვა სკოლა,მცხეთა
ერედის საჯარო,მცხეთა
ძველი ქანდის საჯარო,მცხეთა
ნავაზის საჯარო,მცხეთა
საგურამოს საჯარო,მცხეთა
ციხისძირის საჯარო,მცხეთა
ნიჩბისის საჯარო,მცხეთა
პატარა ქანდის საჯარო,მცხეთა
წეროვნის №2 საჯარო,მცხეთა
ძეგვის საჯარო,მცხეთა
ქსნის საჯარო,მცხეთა
ქსოვრისის საჯარო,მცხეთა
ვაზიანის საჯარო,მცხეთა
გალავნის საჯარო,მცხეთა
წეროვნის №1 საჯარო,მცხეთა
ნატახტრის საჯარო,მცხეთა
წეროვნის №3 საჯარო,მცხეთა
ძალისის საჯარო,მცხეთა
ჩარდახის საჯარო,მცხეთა
ახალდაბის საჯარო,მცხეთა
შმაგი გოგშელიძის სახელობის    ლისის საჯარო,მცხეთა
№1 საჯარო,მცხეთა
მისაქციელის საჯარო,მცხეთა
№2 საჯარო,მცხეთა
მსხალდიდის საჯარო,მცხეთა
ბიწმენდის საჯარო,მცხეთა
ნიკო ბაგრატიონის (ბურის) სახელობის    მუხრანის №1 საჯარო,მცხეთა
მუხრანის №3 საჯარო,მცხეთა
წილკნის საჯარო,მცხეთა
ა(ა)იპ  წმინდა ათორმეტ მოციქულთა სახელობის მართლმადიდებლური საშუალო სკოლა,მცხეთა
3,მცხეთა
ანანურის,მცხეთა
გურამიშვილის,მცხეთა
მუხათგვერდის 1,მცხეთა
მუხრანის 2,მცხეთა
ნოზა,მცხეთა
ფასანაურის,მცხეთა
ფრეზეთის,მცხეთა
წეროვნის,მცხეთა
წეროვნის 4,მცხეთა
სხვა,ნინოწმინდა
№1,ნინოწმინდა
№2,ნინოწმინდა
№3,ნინოწმინდა
№4,ნინოწმინდა
განძის №1 საჯარო სკოლა,ნინოწმინდა
განძის №2 საჯარო სკოლა,ნინოწმინდა
გორელოვკის №1 საჯარო სკოლა,ნინოწმინდა
გორელოვკის №2 საჯარო სკოლა,ნინოწმინდა
გორელოვკის №3 საჯარო სკოლა,ნინოწმინდა
დიდი არაქალის საჯარო სკოლა,ნინოწმინდა
დიდი გონდრიოს საჯარო სკოლა,ნინოწმინდა
დიდი ხანჩალის საჯარო სკოლა,ნინოწმინდა
დილითის საჯარო სკოლა,ნინოწმინდა
ეფრემოვკის საჯარო სკოლა,ნინოწმინდა
ეშტიის №1 საჯარო სკოლა,ნინოწმინდა
ეშტიის №2 საჯარო სკოლა,ნინოწმინდა
ვლადიმიროვკის საჯარო სკოლა,ნინოწმინდა
თორიის საჯარო სკოლა,ნინოწმინდა
კატნატუს საჯარო სკოლა,ნინოწმინდა
მამწვარას საჯარო სკოლა,ნინოწმინდა
ორლოვკის საჯარო სკოლა,ნინოწმინდა
ოროჯალარის საჯარო სკოლა,ნინოწმინდა
პატარა არაქალის საჯარო სკოლა,ნინოწმინდა
პატარა გონდრიოს საჯარო სკოლა,ნინოწმინდა
პატარა ხანჩალის საჯარო სკოლა,ნინოწმინდა
ჟდანოვის საჯარო სკოლა,ნინოწმინდა
როდიონოვკას საჯარო სკოლა,ნინოწმინდა
სათხის საჯარო სკოლა,ნინოწმინდა
სამების სკოლა,ნინოწმინდა
საღამოს საჯარო სკოლა,ნინოწმინდა
სპასოვკის №1 საჯარო სკოლა,ნინოწმინდა
სპასოვკის №2 საჯარო სკოლა,ნინოწმინდა
ტამბოვკის საჯარო სკოლა,ნინოწმინდა
უჩმანის საჯარო სკოლა,ნინოწმინდა
ფოკის საჯარო სკოლა,ნინოწმინდა
ყაურმის საჯარო სკოლა,ნინოწმინდა
ყულალისის საჯარო სკოლა,ნინოწმინდა
ჯიგრაშენის საჯარო სკოლა,ნინოწმინდა
4,ნინოწმინდა
ბოგდანოვკის,ნინოწმინდა
სხვა სკოლა,ოზურგეთი
დაბა ურეკის საჯარო,ოზურგეთი
ვაკიჯვრის საჯარო,ოზურგეთი
გაღმა დვაბზუს საჯარო,ოზურგეთი
დაბა ლაითურის საჯარო,ოზურგეთი
ცხემლისხიდის საჯარო,ოზურგეთი
კონჭკათის საჯარო,ოზურგეთი
მშვიდობაურის საჯარო,ოზურგეთი
მელექედურის საჯარო,ოზურგეთი
№3 საჯარო,ოზურგეთი
ბოხვაურის საჯარო,ოზურგეთი
დვაბზუს საჯარო,ოზურგეთი
ოზურგეთის  საჯარო,ოზურგეთი
ჭანიეთის საჯარო,ოზურგეთი
გომის საჯარო,ოზურგეთი
სილაურის საჯარო,ოზურგეთი
თხინვალის საჯარო,ოზურგეთი
ბახვის საჯარო,ოზურგეთი
ციხისფერდის საჯარო,ოზურგეთი
ბაილეთის საჯარო,ოზურგეთი
ნაგომარის საჯარო,ოზურგეთი
ხრიალეთის საჯარო,ოზურგეთი
№5 საჯარო,ოზურგეთი
ქვედა ბახვის საჯარო,ოზურგეთი
შრომის საჯარო,ოზურგეთი
№4 საჯარო,ოზურგეთი
დაბა ნარუჯის საჯარო,ოზურგეთი
შემოქმედის საჯარო,ოზურგეთი
გურიანთის საჯარო,ოზურგეთი
№2 საჯარო,ოზურგეთი
კვირიკეთის საჯარო,ოზურგეთი
ლიხაურის საჯარო,ოზურგეთი
ჯუმათის საჯარო,ოზურგეთი
ზემო ნატანების საჯარო,ოზურგეთი
დაბა ნასაკირალის საჯარო,ოზურგეთი
ასკანის საჯარო,ოზურგეთი
მაკვანეთის საჯარო,ოზურგეთი
№1 საჯარო,ოზურგეთი
ორმეთის საჯარო,ოზურგეთი
ძიმითის საჯარო,ოზურგეთი
მერიის საჯარო,ოზურგეთი
საქართველოს საპატრიარქოს წმიდა გაბრიელ ეპისკოპოსის სახელობის სამრევლო სკოლა,ოზურგეთი
საქართველოს საპატრიარქოს წმიდა ნინოს სახელობის სამრევლო სკოლა,ოზურგეთი
მთისპირის საჯარო,ოზურგეთი
ქვემო ნატანების საჯარო,ოზურგეთი
ზაზა დამენიას,ოზურგეთი
იანეთის,ოზურგეთი
ნატანების 2,ოზურგეთი
სხვა,ონი
გლოლის საჯარო სკოლა,ონი
ონის საჯარო სკოლა,ონი
პიპილეთის საჯარო სკოლა,ონი
სორის საჯარო სკოლა,ონი
უწერის საჯარო სკოლა,ონი
ღარის საჯარო სკოლა,ონი
ღების საჯარო სკოლა,ონი
შეუბანის საჯარო სკოლა,ონი
ჭიორის საჯარო სკოლა,ონი
სხვა სკოლა,რუსთავი
№9 საჯარო,რუსთავი
№24 ქართული გიმნაზია,რუსთავი
№21 საჯარო,რუსთავი
№4 საჯარო,რუსთავი
№7 საჯარო,რუსთავი
№2 საჯარო,რუსთავი
№20 საჯარო,რუსთავი
№28 საჯარო,რუსთავი
№12 საჯარო,რუსთავი
№8 საჯარო,რუსთავი
№13 საჯარო,რუსთავი
№14 საჯარო,რუსთავი
№17 საჯარო,რუსთავი
№15 საჯარო,რუსთავი
№16 საჯარო,რუსთავი
№25 საჯარო,რუსთავი
№26 საჯარო,რუსთავი
№1 საჯარო,რუსთავი
№10 საჯარო,რუსთავი
№18 საჯარო,რუსთავი
№3 საჯარო,რუსთავი
№5 საჯარო,რუსთავი
№6 საჯარო,რუსთავი
№22 საჯარო,რუსთავი
№23 საჯარო,რუსთავი
№11 საჯარო,რუსთავი
სულხანსაბა ორბელიანის სახელობის სკოლა ”მოძღვარი”,რუსთავი
საქართველოუკრაინის სოციალურ ურთიერთობათა ინსტიტუტი,რუსთავი
სკოლა ჩირაღდანი,რუსთავი
ლაზარე,რუსთავი
რეცა,რუსთავი
ჩაღლარის საგანმანათლებლო დაწესებულებების ქ.  რუსთაველის სახელობის სკოლალიცეუმი,რუსთავი
ლამპარი,რუსთავი
რუსთველი,რუსთავი
საუნჯე,რუსთავი
ჯეორეალი,რუსთავი
მილენიუმი,რუსთავი
მამა სერგის,რუსთავი
მზეკაბანი,რუსთავი
ნაკადული,რუსთავი
სხვა,საგარეჯო
უჯარმის საჯარო,საგარეჯო
წყაროსთავის საჯარო,საგარეჯო
ხაშმის საჯარო,საგარეჯო
ყანდაურის საჯარო,საგარეჯო
კაკაბეთის საჯარო,საგარეჯო
კოჭბანის საჯარო,საგარეჯო
ლამბალოს საჯარო,საგარეჯო
მანავის საჯარო,საგარეჯო
მუღანლოს საჯარო,საგარეჯო
ნინოწმინდის საჯარო,საგარეჯო
პატარა ჩაილურის საჯარო,საგარეჯო
პატარძეულის საჯარო,საგარეჯო
N1 საჯარო,საგარეჯო
N2 საჯარო,საგარეჯო
N3 საჯარო,საგარეჯო
N4 საჯარო,საგარეჯო
შიბლიანის საჯარო,საგარეჯო
თოხლიაურის საჯარო,საგარეჯო
უდაბნოს საჯარო,საგარეჯო
ბადიაურის საჯარო,საგარეჯო
ბოგდანოვკის საჯარო,საგარეჯო
დიდი ჩაილურის საჯარო,საგარეჯო
დუზაგრამის საჯარო,საგარეჯო
გიორგიწმინდის საჯარო,საგარეჯო
გომბორის საჯარო,საგარეჯო
იორმუღანლოს საჯარო,საგარეჯო
შპს თამარი გარეჯელი,საგარეჯო
ქართულ-ფრანგული ლიცეუმი,საგარეჯო
6,საგარეჯო
მზისგულის,საგარეჯო
საგარეჯოს,საგარეჯო
საჯარო,საგარეჯო
შრომის,საგარეჯო
ჩაილურის,საგარეჯო
წმინდა გიორგის,საგარეჯო
სხვა სკოლა,სამტრედია
დაბლა გომის საჯარო,სამტრედია
ა(ა)იპ  საქართველოს საპატრიარქო წმინდა მიტროპოლიტ ნაზარი ლეჟავას სახელობის  მართლმადიდებლური სკოლა,სამტრედია
ბაშის საჯარო,სამტრედია
კორმაღლის საჯარო,სამტრედია
ოფეთის №1 საჯარო,სამტრედია
ნოღის საჯარო,სამტრედია
№8 საჯარო,სამტრედია
გიორგი ნიკოლაძის სახელობის    დიდი ჯიხაიშის საჯარო,სამტრედია
ქვაყუდის საჯარო,სამტრედია
ოფეთის №2 საჯარო,სამტრედია
ნიგორზღვის საჯარო,სამტრედია
№15 საჯარო,სამტრედია
ჭაგნის საჯარო,სამტრედია
№12 საჯარო,სამტრედია
ჩხენიშის საჯარო,სამტრედია
№10 საჯარო,სამტრედია
№11 საჯარო,სამტრედია
იანეთის საჯარო,სამტრედია
დაბა კულაშის საჯარო,სამტრედია
საჯავახოს საჯარო,სამტრედია
№1 საჯარო,სამტრედია
№6 საჯარო,სამტრედია
№4 საჯარო,სამტრედია
№3 საჯარო,სამტრედია
ტოლების საჯარო,სამტრედია
ღანირის საჯარო,სამტრედია
ჭოგნარის საჯარო,სამტრედია
ნაბაკევის საჯარო,სამტრედია
ეწერის საჯარო,სამტრედია
წიაღუბნის საჯარო,სამტრედია
მელაურის საჯარო,სამტრედია
№7 საჯარო,სამტრედია
№2 საჯარო,სამტრედია
ცოდნა,სამტრედია
დიდი ჯიხაიშის №1 საჯარო,სამტრედია
გომის საჯარო,სამტრედია
№9 საჯარო,სამტრედია
ა(ა)იპ  საქართველოს საპატრიარქო წმინდა მიტროპოლიტ ნაზარი ლეჟავას სახელობის  მართლმადიდებლური სკოლა,სამტრედია
ჯიხაიშის #1 საჯარო,სამტრედია
5,სამტრედია
გორმაღლის,სამტრედია
ვაზისუბნის დაწყებითი,სამტრედია
მკურნალის,სამტრედია
ქოლობნის,სამტრედია
სხვა სკოლა,საჩხერე
ჯალაურთის საჯარო,საჩხერე
სავანის საჯარო,საჩხერე
შოთა რუსთაველის სახელობის   №3 საჯარო,საჩხერე
ილია ჭავჭავაძის სახელობის   №2 საჯარო,საჩხერე
იტავაზის საჯარო,საჩხერე
კორბოულის №2 საჯარო,საჩხერე
კორბოულის სისვაძეების უბნის საჯარო,საჩხერე
ჭალო საჯარო,საჩხერე
ირაკლი ბაზაძის სახელობის    მახათაურის საჯარო,საჩხერე
ქორეთის საჯარო,საჩხერე
ლიჩის საჯარო,საჩხერე
ორღულის საჯარო,საჩხერე
ნიგვზარის საჯარო,საჩხერე
პერევის საჯარო,საჩხერე
საირხის საჯარო,საჩხერე
ჩიხის საჯარო,საჩხერე
კორბოულის №1 საჯარო,საჩხერე
მოხვის საჯარო,საჩხერე
გამოღმა არგვეთის საჯარო,საჩხერე
გორისის საჯარო,საჩხერე
ჭალის საჯარო,საჩხერე
არგვეთის საჯარო,საჩხერე
ცხამის საჯარო,საჩხერე
ცხომარეთის საჯარო,საჩხერე
ჭორვილის საჯარო,საჩხერე
აკაკი წერეთლის სახელობის   №1 საჯარო,საჩხერე
ა(ა)იპ წმინდა ნინოს სახელობის საირხის სასულიერო სკოლაპანსიონი,საჩხერე
ვიქტორ ნოზაძის სახელობის    მოძვის საჯარო,საჩხერე
შომახეთის საჯარო,საჩხერე
სხვიტორის საჯარო,საჩხერე
მერჯევის საჯარო,საჩხერე
სპეთის საჯარო,საჩხერე
სარეკის საჯარო,საჩხერე
№1 საჯარო,საჩხერე
№ 2 საჯარო,საჩხერე
№ 3 საჯარო,საჩხერე
არგვეთის საჯარო,საჩხერე
გამოღმა არგვეთის საჯარო ,საჩხერე
გორისის საჯარო,საჩხერე
იტავაზის საჯარო,საჩხერე
კორბოულის №1 საჯარო,საჩხერე
კორბოულის №2 საჯარო,საჩხერე
ლიჩის საჯარო,საჩხერე
მახათაურის საჯარო,საჩხერე
მერჯევის საჯარო,საჩხერე
მოძვის საჯარო აკოლა,საჩხერე
მოხვის საჯარო,საჩხერე
ნიგვზარის საჯარო,საჩხერე
ორღულის საჯარო,საჩხერე
პერევის საჯარო,საჩხერე
პერევის საჯარო,საჩხერე
სავანის საჯარო აკოლა,საჩხერე
საირხის საჯარო,საჩხერე
სარეკის საჯარო,საჩხერე
სპეთის საჯარო,საჩხერე
სხვიტორის საჯარო,საჩხერე
ქვ. სისვაძეების საჯარო,საჩხერე
ქორეთის საჯარო,საჩხერე
შომახეთის საჯარო,საჩხერე
ჩიხის საჯარო,საჩხერე
ცხამის საჯარო,საჩხერე
ცხომარეთის საჯარო,საჩხერე
ჭალის საჯარო,საჩხერე
ჭალოვანის საჯარო,საჩხერე
ჭორვილის საჯარო,საჩხერე
ჯალაურთის საჯარო,საჩხერე
gela,საჩხერე
დარყის 2,საჩხერე
კაპანაძეების,საჩხერე
სხვა სკოლა,სენაკი
გიორგი ჭალადიდელის სახელობის    ზემო ჭალადიდის საჯარო,სენაკი
გეჯეთის საჯარო,სენაკი
№1 საჯარო,სენაკი
ახალისოფლის საჯარო,სენაკი
ძველი  საჯარო,სენაკი
ნოევის საჯარო,სენაკი
თეკლათის საჯარო,სენაკი
ეკის საჯარო,სენაკი
უშაფათის საჯარო,სენაკი
ლეძაძამეს საჯარო,სენაკი
ზემო ფოცხოს საჯარო,სენაკი
ჟიული შარტავას სახელობის   №2 საჯარო,სენაკი
№7 საჯარო,სენაკი
ზანის საჯარო,სენაკი
კოტიანეთის საჯარო,სენაკი
მენჯის საჯარო,სენაკი
ქვემო ფოცხოს საჯარო,სენაკი
№3 საჯარო,სენაკი
მრავალპროფილიანი კერძო სკოლა მაია1,სენაკი
თე.ლო. ეტალონი,სენაკი
სკოლა მარიოტა,სენაკი
სპს საერო სკოლა მაია მზარელუა,სენაკი
კერძო სკოლალიცეუმი,სენაკი
პელაგონი,სენაკი
ა(ა)იპ წმინდა ალექსი შუშანიას სახელობის მართლმადიდებლური სკოლაგიმნაზია,სენაკი
აპოდიქსი,სენაკი
ნოსირის საჯარო,სენაკი
ხორშის საჯარო,სენაკი
4,სენაკი
აფხაზეთის 7,სენაკი
განათლება,სენაკი
იესემი,სენაკი
ნოქალაქევის,სენაკი
სხვა,სიღნაღი
შპს ეტალონი 2015,სიღნაღი
შპს ინტელექტი,სიღნაღი
შპს პროგრესი 010,სიღნაღი
ანაგის საჯარო სკოლა,სიღნაღი
ბოდბის საჯარო სკოლა,სიღნაღი
ბოდბისხევის საჯარო სკოლა,სიღნაღი
ერისიმედის საჯარო სკოლა,სიღნაღი
ვაქირის საჯარო სკოლა,სიღნაღი
ზემო ბოდბის №1 საჯარო სკოლა,სიღნაღი
ილიაწმინდას საჯარო სკოლა,სიღნაღი
მაღაროს საჯარო სკოლა,სიღნაღი
ნუკრიანის №1 საჯარო სკოლა,სიღნაღი
ნუკრიანის №2 საჯარო სკოლა,სიღნაღი
საქობოს საჯარო სკოლა,სიღნაღი
სიღნაღის საჯარო სკოლა,სიღნაღი
ტიბაანის საჯარო სკოლა,სიღნაღი
ქვემო მაჩხაანის საჯარო სკოლა,სიღნაღი
ძველი ანაგის საჯარო სკოლა,სიღნაღი
წნორის №1 საჯარო სკოლა,სიღნაღი
წნორის №3 საჯარო სკოლა,სიღნაღი
ხირსის საჯარო სკოლა,სიღნაღი
ხორნაბუჯის საჯარო სკოლა,სიღნაღი
ჯუგაანის საჯარო სკოლა,სიღნაღი
დედოფლისწყაროს,სიღნაღი
მაჩხაანის,სიღნაღი
სოლომონ დოდაშვილის,სიღნაღი
სხვა,ტყიბული
№1,ტყიბული
№2,ტყიბული
№4,ტყიბული
№5,ტყიბული
№6,ტყიბული
№7,ტყიბული
ახალსოფლის საჯარო სკოლა,ტყიბული
გელათის საჯარო სკოლა,ტყიბული
გურნის საჯარო სკოლა,ტყიბული
დაბაძვლის საჯარო სკოლა,ტყიბული
კურსების საჯარო სკოლა,ტყიბული
მუხურის №1 საჯარო სკოლა,ტყიბული
მუხურის №2 საჯარო სკოლა,ტყიბული
მუხურის საჯარო სკოლა,ტყიბული
ორპირის საჯარო სკოლა,ტყიბული
ოჯოლის საჯარო სკოლა,ტყიბული
საწირის საჯარო სკოლა,ტყიბული
სოჩხეთის საჯარო სკოლა,ტყიბული
ციხიის საჯარო სკოლა,ტყიბული
ცუცხვათის საჯარო სკოლა,ტყიბული
ძიროვნის საჯარო სკოლა,ტყიბული
ძმუისის საჯარო სკოლა,ტყიბული
ხრესილის საჯარო სკოლა,ტყიბული
ჯვარისის საჯარო სკოლა,ტყიბული
ტყიბულის,ტყიბული
სხვა სკოლა,ფოთი
№6 საჯარო,ფოთი
№2 საჯარო,ფოთი
№1 საჯარო,ფოთი
№11 საჯარო,ფოთი
№8 საჯარო,ფოთი
№15 საჯარო,ფოთი
№12 საჯარო,ფოთი
№7 საჯარო,ფოთი
№4 საჯარო,ფოთი
№3 საჯარო,ფოთი
№5 საჯარო,ფოთი
თამარ ფაჩულიას საავტორო სკოლაგიმნაზია,ფოთი
გიმნაზია,ფოთი
წმინდა ნიკოლოზის სახელობის ზოგადსაგანმანათლებლო საშუალო სკოლა,ფოთი
14,ფოთი
9 აპრილის,ფოთი
აფხაზეთის 21,ფოთი
ახალსოფლის,ფოთი
ბალავარი,ფოთი
ჭალადიდის,ფოთი
სხვა სკოლა,ქარელი
ქვენატკოცის საჯარო,ქარელი
ქვემო ხვედურეთის საჯარო,ქარელი
მოხისის საჯარო,ქარელი
კნოლევის საჯარო,ქარელი
№1 საჯარო,ქარელი
რუისის №3 საჯარო,ქარელი
აბისის საჯარო,ქარელი
ცერონისის საჯარო,ქარელი
დაბა აგარის საჯარო,ქარელი
რუისის №1 საჯარო,ქარელი
ბრეთის მეურნეობის საჯარო,ქარელი
გვერძინეთის საჯარო,ქარელი
ზემო ხვედურეთის საჯარო,ქარელი
ზღუდერის საჯარო,ქარელი
კეხიჯვარის საჯარო,ქარელი
აბანოს საჯარო,ქარელი
ახალსოფლის საჯარო,ქარელი
საღოლაშენის საჯარო,ქარელი
ბრეძის საჯარო,ქარელი
ავლევის საჯარო,ქარელი
№2 საჯარო,ქარელი
ბესიკ კაპანაძის სახელობის    ძლევიჯვარის საჯარო,ქარელი
ბებნისის საჯარო,ქარელი
ფცის საჯარო,ქარელი
ტახტისძირის საჯარო,ქარელი
დვანის საჯარო,ქარელი
ურბნისის საჯარო,ქარელი
ბრეთის საჯარო,ქარელი
დირბის საჯარო,ქარელი
ხეობის საჯარო,ქარელი
რუისის №2 საჯარო,ქარელი
ატოცის საჯარო,ქარელი
თამარაშენის საჯარო,ქარელი
საციხურის საჯარო,ქარელი
ა(ა)იპ  საქართველოს საპატრიარქოს ურბნისისა და რუისის ეპარქიის  წმ გიორგი მთაწმინდელის სახ გიმნაზია,ქარელი
ბერძენაულის,ქარელი
დაწყებითი სკოლა,ქარელი
რუისის,ქარელი
სამწევრისის,ქარელი
საჯარო,ქარელი
სხვა,ქედა
აგარის საჯარო სკოლა,ქედა
აქუცის საჯარო სკოლა,ქედა
ახოს №1 საჯარო სკოლა,ქედა
ახოს საჯარო სკოლა,ქედა
გეგელიძეების საჯარო სკოლა,ქედა
გოგიაშვილების საჯარო სკოლა,ქედა
დაბა ქედის საჯარო სკოლა,ქედა
დანდალოს საჯარო სკოლა,ქედა
დოლოგნის საჯარო სკოლა,ქედა
ვაიოს საჯარო სკოლა,ქედა
ზედა ბზუბზუს საჯარო სკოლა,ქედა
ზვარეს საჯარო სკოლა,ქედა
ინაშარიძეების საჯარო სკოლა,ქედა
კვაშტის საჯარო სკოლა,ქედა
კოკოტაურის საჯარო სკოლა,ქედა
კოლოტაურის საჯარო სკოლა,ქედა
მახუნცეთის საჯარო სკოლა,ქედა
მერისის საჯარო სკოლა,ქედა
მეძიბნის საჯარო სკოლა,ქედა
ორცვის საჯარო სკოლა,ქედა
ოქტომბრის საჯარო სკოლა,ქედა
პირველი მაისის საჯარო სკოლა,ქედა
უჩხითის საჯარო სკოლა,ქედა
ქვედა მახუნცეთის საჯარო სკოლა,ქედა
ცხმორისის საჯარო სკოლა,ქედა
ძენწმანის საჯარო სკოლა,ქედა
წონიარისის საჯარო სკოლა,ქედა
ხარაულის საჯარო სკოლა,ქედა
ჯალაბაშვილების საჯარო სკოლა,ქედა
2,ქედა
ქედის,ქედა
სხვა სკოლა,ქობულეთი
ზედა სამების საჯარო,ქობულეთი
კონდიდის საჯარო,ქობულეთი
კონდიდის საჯარო,ქობულეთი
ჭახათის საჯარო,ქობულეთი
ხალას საჯარო,ქობულეთი
შუაღელეს საჯარო,ქობულეთი
ჩაისუბნის №2 საჯარო,ქობულეთი
ბადრი ბერანძის სახელობის   №6 საჯარო,ქობულეთი
ქვედა სამების საჯარო,ქობულეთი
ჩაქვის №2 საჯარო,ქობულეთი
ქობულეთის  საჯარო,ქობულეთი
ზედა კვირიკეს საჯარო,ქობულეთი
გორგაძეების საჯარო,ქობულეთი
ედნარ დიასამიძის სახელობის    სახალვაშოს საჯარო,ქობულეთი
კოხის საჯარო,ქობულეთი
ბობოყვათის საჯარო,ქობულეთი
მუხაესტატეს საჯარო,ქობულეთი
აჭყვას საჯარო,ქობულეთი
საჩინოს საჯარო,ქობულეთი
ჩაქვის №1 საჯარო,ქობულეთი
№5 საჯარო,ქობულეთი
რაულ მჟავანაძის სახელობის    ლეღვას №2 საჯარო,ქობულეთი
ლეღვას №1 საჯარო,ქობულეთი
სკურას საჯარო,ქობულეთი
№1 საჯარო,ქობულეთი
№ 2 საჯარო,ქობულეთი
№3 საჯარო,ქობულეთი
ალამბრის საჯარო,ქობულეთი
აჭის საჯარო,ქობულეთი
აჭყვისთავის საჯარო,ქობულეთი
ბუკნარის საჯარო,ქობულეთი
გვარას საჯარო,ქობულეთი
დაგვას საჯარო,ქობულეთი
ზედა აჭყვას საჯარო,ქობულეთი
ზენითის საჯარო,ქობულეთი
კვირიკეს №1 საჯარო,ქობულეთი
კვირიკეს №2  საჯარო,ქობულეთი
ნაკაიძეების საჯარო,ქობულეთი
ოჩხამურის საჯარო,ქობულეთი
სკურას საჯარო,ქობულეთი
ქაქუთის საჯარო,ქობულეთი
ცეცხლაურის №1 საჯარო,ქობულეთი
ცეცხლაურის №2  საჯარო,ქობულეთი
ციხისძირის საჯარო,ქობულეთი
წყავროკას საჯარო,ქობულეთი
ხუცუბნის საჯარო,ქობულეთი
ჯიხანჯურის საჯარო,ქობულეთი
„ელიტსქული“,ქობულეთი
„ფარნავაზი“  საერო სკოლა,ქობულეთი
„ჩაქვის წმინდა კეთილმორწმუნე მეფე დავითის სახელობის სკოლა”,ქობულეთი
წმიდა მღვდელმოწამე  კირიონ II სახელობის საგანმანათლებლო  ცენტრი,ქობულეთი
ქვედა კვირიკეს საჯარო,ქობულეთი
მედიანა 2011,ქობულეთი
სხვა სკოლა,ქუთაისი
№15 საჯარო,ქუთაისი
№26 საჯარო,ქუთაისი
№33 საჯარო,ქუთაისი
№32 საჯარო,ქუთაისი
№41  საჯარო,ქუთაისი
№11 საჯარო,ქუთაისი
№35 საჯარო,ქუთაისი
№9 საჯარო,ქუთაისი
№3 საჯარო,ქუთაისი
№14 საჯარო,ქუთაისი
№17 საჯარო,ქუთაისი
№13 საჯარო,ქუთაისი
№20 საჯარო,ქუთაისი
№24 საჯარო,ქუთაისი
№37 საჯარო,ქუთაისი
№6 საჯარო,ქუთაისი
№19 საჯარო,ქუთაისი
№10 საჯარო,ქუთაისი
№22 საჯარო,ქუთაისი
№40 საჯარო,ქუთაისი
№45 საჯარო,ქუთაისი
№1 საჯარო,ქუთაისი
№29 საჯარო,ქუთაისი
№36 საჯარო,ქუთაისი
№5 საჯარო,ქუთაისი
№23 საჯარო,ქუთაისი
№30 საჯარო,ქუთაისი
№2 საჯარო,ქუთაისი
№8 საჯარო,ქუთაისი
№21 საჯარო,ქუთაისი
№31 საჯარო,ქუთაისი
№16 საჯარო,ქუთაისი
კადეტთა სამხედრო ლიცეუმი,ქუთაისი
№7 საჯარო,ქუთაისი
№38 საჯარო,ქუთაისი
№34 საჯარო,ქუთაისი
№25 საჯარო,ქუთაისი
№28 საჯარო,ქუთაისი
№12 საჯარო,ქუთაისი
ეროვნული სკოლა გიმნაზია,ქუთაისი
შპს №1 სკოლა,ქუთაისი
კვანტი,ქუთაისი
საშუალო სკოლა ლამპარი,ქუთაისი
სკოლა XXI საუკუნე,ქუთაისი
საერთაშორისო ასოციაცია ინტელექტი,ქუთაისი
სასწავლო ცენტრი  მერმისი,ქუთაისი
ქართულამერიკული სკოლა პროგრესი,ქუთაისი
ჩაღლარის საგანმანათლებლო დაწესებულებების ნიკო ნიკოლაძის სახელობის სკოლალიცეუმი,ქუთაისი
სპექტრი 95 ინგლისური ენის გაძლიერებული სწავლების დამოუკიდებელი სკოლა,ქუთაისი
სკოლა იმედი,ქუთაისი
ღონე ქვეყნისა,ქუთაისი
ქართული სკოლა,ქუთაისი
ქართულევროპული სკოლა,ქუთაისი
გონი,ქუთაისი
მომავალი,ქუთაისი
აფხაზეთის №5 საჯარო,ქუთაისი
აფხაზეთის №6 საჯარო,ქუთაისი
სასწავლო ცენტრი KGSL,ქუთაისი
შპს ქუთაისის იაკობ გოგებაშვილის სახელობის N1 სასწავლებელი,ქუთაისი
4,ქუთაისი
27,ქუთაისი
42,ქუთაისი
გორა,ქუთაისი
ერუდიტი,ქუთაისი
კაჯიეხელის,ქუთაისი
კიროვი,ქუთაისი
მომავლის სკოლა,ქუთაისი
პრომეთე,ქუთაისი
წმინდა ნინოს,ქუთაისი
სხვა,ყაზბეგი
წმინდა ილია მართლის სახელობის გიმნაზია-პანსიონი,ყაზბეგი
არშის საჯარო სკოლა,ყაზბეგი
გორისციხეს საჯარო სკოლა,ყაზბეგი
გუდაურის საჯარო სკოლა,ყაზბეგი
სიონის საჯარო სკოლა,ყაზბეგი
სნოს საჯარო სკოლა,ყაზბეგი
სტეფანწმინდის №1 საჯარო სკოლა,ყაზბეგი
ყანობის საჯარო სკოლა,ყაზბეგი
სხვა,ყვარელი
წმინდა ილია მართლის სახელობის ყვარლის გიმნაზია,ყვარელი
№1,ყვარელი
№2,ყვარელი
ალმატის საჯარო სკოლა,ყვარელი
ახალსოფლის №1 საჯარო სკოლა,ყვარელი
ახალსოფლის №2 საჯარო სკოლა,ყვარელი
ბალღოჯიანის საჯარო სკოლა,ყვარელი
გავაზის საჯარო სკოლა,ყვარელი
გრემის საჯარო სკოლა,ყვარელი
ენისლის საჯარო სკოლა,ყვარელი
ზინობიანის საჯარო სკოლა,ყვარელი
თივის საჯარო სკოლა,ყვარელი
კუჭატნის საჯარო სკოლა,ყვარელი
მთისძირის საჯარო სკოლა,ყვარელი
საბუეს საჯარო სკოლა,ყვარელი
სანავარდოს საჯარო სკოლა,ყვარელი
სარუსოს საჯარო სკოლა,ყვარელი
შილდის №1 საჯარო სკოლა,ყვარელი
შილდის №2 საჯარო სკოლა,ყვარელი
ჩანტლისყურის საჯარო სკოლა,ყვარელი
წიწკანაანთსერის საჯარო სკოლა,ყვარელი
ჭიკაანის საჯარო სკოლა,ყვარელი
საცხენეს,ყვარელი
შაქრიანის,ყვარელი
შილდის,ყვარელი
სხვა,შუახევი
ხიჭაურის წმ. გრიგოლ ხანძთელის სახელობის სკოლა,შუახევი
ახალდაბის საჯარო სკოლა,შუახევი
ბარათაულის საჯარო სკოლა,შუახევი
ბრილის საჯარო სკოლა,შუახევი
ბუთურაულის საჯარო სკოლა,შუახევი
გოგაძეების საჯარო სკოლა,შუახევი
გოგინაურის საჯარო სკოლა,შუახევი
გომარდულის საჯარო სკოლა,შუახევი
დაბა შუახევის საჯარო სკოლა,შუახევი
დაბაძველის საჯარო სკოლა,შუახევი
დარჩიძეების საჯარო სკოლა,შუახევი
დღვანის საჯარო სკოლა,შუახევი
ვანის საჯარო სკოლა,შუახევი
ზემოხევის საჯარო სკოლა,შუახევი
ინწკირვეთის საჯარო სკოლა,შუახევი
კარაპეტის საჯარო სკოლა,შუახევი
კვიახიძეების საჯარო სკოლა,შუახევი
ლომანაურის საჯარო სკოლა,შუახევი
მაწყვალთის საჯარო სკოლა,შუახევი
მახალაკიძეების საჯარო სკოლა,შუახევი
ნაღვარევის საჯარო სკოლა,შუახევი
ნენიის საჯარო სკოლა,შუახევი
ნიგაზეულის საჯარო სკოლა,შუახევი
ოლადაურის საჯარო სკოლა,შუახევი
პაპოშვილების საჯარო სკოლა,შუახევი
ჟანივრის საჯარო სკოლა,შუახევი
სხეფის საჯარო სკოლა,შუახევი
ტაკიძეების საჯარო სკოლა,შუახევი
ტბეთის საჯარო სკოლა,შუახევი
ტომაშეთის საჯარო სკოლა,შუახევი
უჩამბის საჯარო სკოლა,შუახევი
ფურტიოს საჯარო სკოლა,შუახევი
ქიძინიძეების საჯარო სკოლა,შუახევი
შუბნის საჯარო სკოლა,შუახევი
ჩანჩხალოს საჯარო სკოლა,შუახევი
ცინარეთის საჯარო სკოლა,შუახევი
ცხემლისის საჯარო სკოლა,შუახევი
წაბლანის საჯარო სკოლა,შუახევი
წყაროთის საჯარო სკოლა,შუახევი
ჭალის საჯარო სკოლა,შუახევი
ჭვანის საჯარო სკოლა,შუახევი
ხაბელაშვილების საჯარო სკოლა,შუახევი
ხიჭაურის საჯარო სკოლა,შუახევი
ჯაბნიძეების საჯარო სკოლა,შუახევი
შუახევის,შუახევი
სხვა,ჩოხატაური
ყოვლადწმიდა ღვთისმშობლის სახელობის სამრევლო სკოლა,ჩოხატაური
№1,ჩოხატაური
ამაღლების საჯარო სკოლა,ჩოხატაური
ბასილეთის საჯარო სკოლა,ჩოხატაური
ბუკისციხის საჯარო სკოლა,ჩოხატაური
ბუკნარის საჯარო სკოლა,ჩოხატაური
გოგოლესუბნის საჯარო სკოლა,ჩოხატაური
გორაბერეჟოულის საჯარო სკოლა,ჩოხატაური
გუთურის საჯარო სკოლა,ჩოხატაური
დაბლაციხის საჯარო სკოლა,ჩოხატაური
დიდივანის საჯარო სკოლა,ჩოხატაური
ერკეთის საჯარო სკოლა,ჩოხატაური
ვანზომლეთის საჯარო სკოლა,ჩოხატაური
ზემოსურების საჯარო სკოლა,ჩოხატაური
ზემოხეთის საჯარო სკოლა,ჩოხატაური
ზოტის საჯარო სკოლა,ჩოხატაური
იანეულის საჯარო სკოლა,ჩოხატაური
კოხნარის საჯარო სკოლა,ჩოხატაური
ნაბეღლავის საჯარო სკოლა,ჩოხატაური
სამების საჯარო სკოლა,ჩოხატაური
საჭამიასერის საჯარო სკოლა,ჩოხატაური
ფარცხმის საჯარო სკოლა,ჩოხატაური
ქვაბღის საჯარო სკოლა,ჩოხატაური
ქვენობნის საჯარო სკოლა,ჩოხატაური
შუა ამაღლების საჯარო სკოლა,ჩოხატაური
შუასურების საჯარო სკოლა,ჩოხატაური
შუაფარცხმის საჯარო სკოლა,ჩოხატაური
ჩაისუბნის საჯარო სკოლა,ჩოხატაური
ჩხაკოურის საჯარო სკოლა,ჩოხატაური
წიფნარის საჯარო სკოლა,ჩოხატაური
ხევის საჯარო სკოლა,ჩოხატაური
ხიდისთავის საჯარო სკოლა,ჩოხატაური
სხვა სკოლა,ჩხოროწყუ
ზუმის საჯარო,ჩხოროწყუ
ნაკიანის თემის საჯარო,ჩხოროწყუ
ჭოღას თემის საჯარო,ჩხოროწყუ
თაიას საჯარო,ჩხოროწყუ
ხაბუმეს თემის №1 საჯარო,ჩხოროწყუ
ლესიჭინეს თემის №2 საჯარო,ჩხოროწყუ
ხაბუმეს თემის №3 საჯარო,ჩხოროწყუ
კირცხის თემის №2 საჯარო,ჩხოროწყუ
ლეწურწუმეს თემის საჯარო,ჩხოროწყუ
ლესიჭინეს თემის №1 საჯარო,ჩხოროწყუ
ნაფიჩხოვოს თემის საჯარო,ჩხოროწყუ
რამინ დიხამინჯიას სახელობის დაბა  №1 საჯარო,ჩხოროწყუ
ახუთის თემის №1 საჯარო,ჩხოროწყუ
ახუთის თემის №2 საჯარო,ჩხოროწყუ
ქვედა თემის საჯარო,ჩხოროწყუ
ვახტანგ ფირცხალავას სახელობის დაბა  №2 საჯარო,ჩხოროწყუ
ლესიჭინეს თემის №3 საჯარო,ჩხოროწყუ
მუხურის თემის საჯარო,ჩხოროწყუ
კირცხის თემის №1 საჯარო,ჩხოროწყუ
ლესიჭინეს თემის N2 საჯარო,ჩხოროწყუ
ლესიჭინეს თემის N3 საჯარო,ჩხოროწყუ
ლეწურწუმეს თემის საჯარო,ჩხოროწყუ
ნაკიანის თემის საჯარო,ჩხოროწყუ
ხაბუმეს თემის №1 საჯარო,ჩხოროწყუ
3,ჩხოროწყუ
აფხაზეთის 10,ჩხოროწყუ
მოდინახეს 1,ჩხოროწყუ
მუხურის 2,ჩხოროწყუ
ჯგალის,ჩხოროწყუ
სხვა,ცაგერი
წმინდა ილია მართლის სახელობის გიმნაზია,ცაგერი
ალპანის საჯარო სკოლა,ცაგერი
აღვის საჯარო სკოლა,ცაგერი
ბარდნალის საჯარო სკოლა,ცაგერი
დეხვირის საჯარო სკოლა,ცაგერი
ზუბის საჯარო სკოლა,ცაგერი
თაბორის საჯარო სკოლა,ცაგერი
ისუნდერის საჯარო სკოლა,ცაგერი
ლაილაშის საჯარო სკოლა,ცაგერი
ლასურიაშის საჯარო სკოლა,ცაგერი
ლაცორიის საჯარო სკოლა,ცაგერი
ლაჯანის საჯარო სკოლა,ცაგერი
ლუხვანოს საჯარო სკოლა,ცაგერი
მახაშის საჯარო სკოლა,ცაგერი
ნასპერის საჯარო სკოლა,ცაგერი
ორბელის საჯარო სკოლა,ცაგერი
ორხვის საჯარო სკოლა,ცაგერი
ოყურეშის საჯარო სკოლა,ცაგერი
საირმის საჯარო სკოლა,ცაგერი
ტვიშის საჯარო სკოლა,ცაგერი
უსახელოს საჯარო სკოლა,ცაგერი
ქვედა ცაგერის საჯარო სკოლა,ცაგერი
ღვირიშის საჯარო სკოლა,ცაგერი
ჩქუმის საჯარო სკოლა,ცაგერი
ჩხუტელის საჯარო სკოლა,ცაგერი
ცაგერის საჯარო სკოლა,ცაგერი
1,ცაგერი
სხვა სკოლა,წალენჯიხა
ჭალის თემის №2 საჯარო,წალენჯიხა
მუჟავას თემის საჯარო,წალენჯიხა
კალისტრატე სალიას სახელობის   ჯგალის თემის საჯარო,წალენჯიხა
საჩინოს თემის №2 საჯარო,წალენჯიხა
№6 საჯარო,წალენჯიხა
ნაკიფუს თემის №1 საჯარო,წალენჯიხა
მიქავას თემის №2 საჯარო,წალენჯიხა
მელიტონ ქანთარიას სახელობის    ჯვარის №3 საჯარო,წალენჯიხა
გიორგი მებონიას სახელობის   ობუჯის თემის №1 საჯარო,წალენჯიხა
ლიის თემის №1 საჯარო,წალენჯიხა
ვახტანგ კვარაცხელიას სახელობის   №4 საჯარო,წალენჯიხა
ლიის თემის №2 საჯარო,წალენჯიხა
№2 საჯარო,წალენჯიხა
ფახულანის თემის №2 საჯარო,წალენჯიხა
ობუჯის თემის №2 საჯარო,წალენჯიხა
აკადემიკოს ვიქტორ გუჩუას სახელობის   ფახულანის თემის №1 საჯარო,წალენჯიხა
საჩინოს თემის №1 საჯარო,წალენჯიხა
ჯვარის №2 საჯარო,წალენჯიხა
ჯვარის №4 საჯარო,წალენჯიხა
№1 საჯარო,წალენჯიხა
№7 საჯარო,წალენჯიხა
აკადემიკოს ეგნატე ფიფიას სახელობის   ჩქვალერის თემის საჯარო,წალენჯიხა
ნაკიფუს თემის №2 საჯარო,წალენჯიხა
ჟორჟი კვარაცხელიას სახელობის   მიქავას თემის №1 საჯარო,წალენჯიხა
№5 საჯარო,წალენჯიხა
ეწერის საჯარო,წალენჯიხა
მედანის თემის საჯარო,წალენჯიხა
ჯვარის №1 საჯარო,წალენჯიხა
№3 საჯარო,წალენჯიხა
ჭალის თემის №1 საჯარო,წალენჯიხა
"არასახელმწიფო საერო მრავალპროფილიანი საშუალო სკოლა ""ქიაჩი""",წალენჯიხა
ზღვაიას,წალენჯიხა
ლეჯოლოხეს 2,წალენჯიხა
მაზანდარის 4,წალენჯიხა
ოჭანეს,წალენჯიხა
საკალანდიოს,წალენჯიხა
ქვედა მაზანდარის,წალენჯიხა
სხვა,წალკა
N1 ,წალკა
N2,წალკა
ავრანლოს საჯარო,წალკა
არსარვანის საჯარო,წალკა
არწივანის საჯარო,წალკა
აშკალის საჯარო,წალკა
არწივანის საჯარო,წალკა
აშკალის საჯარო,წალკა
ბარეთის საჯარო,წალკა
ახალშენის საჯარო,წალკა
ბედიანის საჯარო,წალკა
ბეშთაშენის საჯარო,წალკა
განთიადის საჯარო,წალკა
გუმბათისს საჯარო,წალკა
დარაქოვის საჯარო,წალკა
დაშბაშის საჯარო,წალკა
თეჯისის საჯარო,წალკა
თრიალეთის საჯარო,წალკა
იმერის საჯარო,წალკა
კიზილქილისის საჯარო,წალკა
კუშჩის საჯარო,წალკა
ნარდევანის საჯარო,წალკა
ოზნის საჯარო,წალკა
რეხის საჯარო,წალკა
საბეჭისის საჯარო,წალკა
სამების საჯარო,წალკა
საყდრიონის საჯარო,წალკა
ჩივთქილისის საჯარო,წალკა
წინწყაროს საჯარო,წალკა
ხანდოს საჯარო,წალკა
ხარების საჯარო,წალკა
ხაჩკოვის საჯარო,წალკა
განთიადის 2,წალკა
ზედა სკოლა,წალკა
ტბეთის,წალკა
ტბეთის 2,წალკა
წალკის,წალკა
ხადიკის,წალკა
ჯინისის,წალკა
სხვა სკოლა,წყალტუბო
დღნორისის საჯარო,წყალტუბო
ბანოჯის საჯარო,წყალტუბო
ქვიტირის საჯარო,წყალტუბო
ფარცხანაყანევის №3 საჯარო,წყალტუბო
ოფშკვითის საჯარო,წყალტუბო
მესხეთის საჯარო,წყალტუბო
საჩხეურის საჯარო,წყალტუბო
გუმათის საჯარო,წყალტუბო
ა(ა)იპ წმინდა გაბრიელ ეპისკოპოსის სახელობის  სასულიერო გიმნაზია,წყალტუბო
ოფურჩხეთის საჯარო,წყალტუბო
ახალი საყულიის საჯარო,წყალტუბო
ქვილიშორის საჯარო,წყალტუბო
მუხიანის საჯარო,წყალტუბო
№3 საჯარო,წყალტუბო
საჯარო,წყალტუბო
არასახელმწიფო საერო საშუალო სკოლა ოცნება,წყალტუბო
გვიშტიბის საჯარო,წყალტუბო
მექვენას საჯარო,წყალტუბო
საყულიის საჯარო,წყალტუბო
ფარცხანაყანევის №1 საჯარო,წყალტუბო
გეგუთის ვარციხჰესების საჯარო,წყალტუბო
დერჩის საჯარო,წყალტუბო
ფარცხანაყანევის №4 საჯარო,წყალტუბო
ცხუნკურის №1 საჯარო,წყალტუბო
გუბისწყლის საჯარო,წყალტუბო
ტყაჩირის საჯარო,წყალტუბო
გეგუთის №1 საჯარო,წყალტუბო
გივი შენგელიას სახელობის    პატრიკეთის საჯარო,წყალტუბო
მამუკა სამაკაშვილის სახელობის   №2 საჯარო,წყალტუბო
ოტია იოსელიანის სახელობის   №1 საჯარო,წყალტუბო
ზედა მესხეთის ბროწეულას საჯარო,წყალტუბო
ცხუნკურის №2 საჯარო,წყალტუბო
გუმბრინის საჯარო,წყალტუბო
მაღლაკის №2 საჯარო,წყალტუბო
სორმონის საჯარო,წყალტუბო
ჟონეთის საჯარო,წყალტუბო
№4 საჯარო,წყალტუბო
სერგეი მესხის სახელობის    რიონის საჯარო,წყალტუბო
გეგუთის №2 საჯარო,წყალტუბო
მაღლაკის №1 საჯარო,წყალტუბო
ფარცხანაყანევის №2 საჯარო,წყალტუბო
მეორე უბნის,წყალტუბო
სამღებროს,წყალტუბო
საჯარო,წყალტუბო
სოფელ წყალტუბოს,წყალტუბო
ფარცხანაყანევის,წყალტუბო
ყუმისთავის,წყალტუბო
ჩუნეშის,წყალტუბო
სხვა სკოლა,ჭიათურა
წასრის საჯარო,ჭიათურა
ქვაციხის საჯარო,ჭიათურა
რგანის საჯარო,ჭიათურა
ნავარძეთის საჯარო,ჭიათურა
მერევის საჯარო,ჭიათურა
ხვაშითის საჯარო,ჭიათურა
შუქრუთის №1 საჯარო,ჭიათურა
№3 საჯარო,ჭიათურა
კაცხის საჯარო,ჭიათურა
დარკვეთის საჯარო,ჭიათურა
ქვედა ჭალო საჯარო,ჭიათურა
სვერის საჯარო,ჭიათურა
ვაჭევის საჯარო,ჭიათურა
№2 საჯარო,ჭიათურა
№12 საჯარო,ჭიათურა
ეწერის საჯარო,ჭიათურა
ითხვისის №2 საჯარო,ჭიათურა
ნიგოზეთის საჯარო,ჭიათურა
ცხრუკვეთის საჯარო,ჭიათურა
რცხილათის საჯარო,ჭიათურა
ზედა უსახელოს საჯარო,ჭიათურა
№5 საჯარო,ჭიათურა
პერევისის საჯარო,ჭიათურა
თაბაგრების საჯარო,ჭიათურა
№7 საჯარო,ჭიათურა
ხრეითის №2 საჯარო,ჭიათურა
მორძგვეთის საჯარო,ჭიათურა
ღვითორის საჯარო,ჭიათურა
ხრეითის №1 საჯარო,ჭიათურა
№1 საჯარო,ჭიათურა
ბერეთისის საჯარო,ჭიათურა
მეჩხეთურის საჯარო,ჭიათურა
ტყემლო საჯარო,ჭიათურა
შუქრუთის №2 საჯარო,ჭიათურა
წირქვალის საჯარო,ჭიათურა
ხალიფაურის საჯარო,ჭიათურა
მანდაეთის საჯარო,ჭიათურა
ნილემი,ჭიათურა
ა(ა)იპ  წმინდა ანდრია პირველწოდებულის სახელობის  მართლმადიდებლური სკოლა,ჭიათურა
№4 საჯარო,ჭიათურა
სკინდორის საჯარო,ჭიათურა
კაცხის საჯარო,ჭიათურა
ზოდის საჯარო,ჭიათურა
ითხვისის №1 საჯარო,ჭიათურა
გეზრულის,ჭიათურა
ითხვისის,ჭიათურა
ლეჟუბნის 1,ჭიათურა
მღვიმევის,ჭიათურა
ქვედა უსახელოს,ჭიათურა
ქვედა ჭალოვნის,ჭიათურა
ჯვარიეწრის,ჭიათურა
სხვა სკოლა,ხარაგაული
დაბის №2 საჯარო,ხარაგაული
დაბის №3 საჯარო,ხარაგაული
საღანძილის საჯარო,ხარაგაული
მარელისის საჯარო,ხარაგაული
ლეღ საჯსარო სკოლა,ხარაგაული
მოლითის საჯარო,ხარაგაული
ვახანის საჯარო,ხარაგაული
ზვარეს საჯარო,ხარაგაული
ლაშის საჯარო,ხარაგაული
კიცხის საჯარო,ხარაგაული
ხიდრის სჯარო სკოლა,ხარაგაული
წიფის საჯარო,ხარაგაული
წყალაფორეთის საჯარო,ხარაგაული
ვარძიის საჯარო,ხარაგაული
ბორის საჯარო,ხარაგაული
ნადაბურის საჯარო,ხარაგაული
ღორეშის საჯარო,ხარაგაული
ბორითის საჯარო,ხარაგაული
ხევის საჯარო,ხარაგაული
ვერტყვიჭალის საჯარო,ხარაგაული
ბაზალეთის საჯარო,ხარაგაული
ხუნევის საჯარო,ხარაგაული
ვაშლევის საჯარო,ხარაგაული
უბისის საჯარო,ხარაგაული
ბაზალეთის საჯარო,ხარაგაული
ბორითის საჯარო,ხარაგაული
ბორის საჯარო,ხარაგაული
დაბის #3 საჯარო,ხარაგაული
ვარძიის საჯარო,ხარაგაული
ვერტყვიჭალის საჯარო,ხარაგაული
ზვარეს საჯარო,ხარაგაული
კიცხის საჯარო,ხარაგაული
ლაშის საჯარო,ხარაგაული
ლეღ საჯსარო სკოლა,ხარაგაული
მოლითის საჯარო,ხარაგაული
ნადაბურის საჯარო,ხარაგაული
სარგვეშის საჯარო,ხარაგაული
ღორეშის საჯარო,ხარაგაული
წიფის საჯარო,ხარაგაული
წყალაფორეთის საჯარო,ხარაგაული
ხევის საჯარო,ხარაგაული
ხუნევის საჯარო,ხარაგაული
1,ხარაგაული
ანდრია პირველწოდებულის,ხარაგაული
გედსამანიის,ხარაგაული
საქარიქედის,ხარაგაული
სხვა სკოლა,ხაშური
ტკოცის საჯარო,ხაშური
ოძისის საჯარო,ხაშური
ქინძათის საჯარო,ხაშური
ვაყის საჯარო,ხაშური
№7 საჯარო,ხაშური
ივანე ხრიკულის სახელობის    ხცისის საჯარო,ხაშური
ქრისტეფორე IIIის სახელობის   დაბა სურამის №4 საჯარო,ხაშური
სატივის საჯარო,ხაშური
ფლევის საჯარო,ხაშური
№9 საჯარო,ხაშური
ქემფრის საჯარო,ხაშური
ნაბახტევის საჯარო,ხაშური
დაბა სურამის №2 საჯარო,ხაშური
ბეკამის საჯარო,ხაშური
წრომის საჯარო,ხაშური
გალაკტიონ ტაბიძის სახელობის   №6 საჯარო,ხაშური
დაბა სურამის №1 საჯარო,ხაშური
ალის საჯარო,ხაშური
№8 საჯარო,ხაშური
ლესია უკრაინკას სახელობის   დაბა სურამის №3 საჯარო,ხაშური
დავით კაკიაშვილის სახელობის   №2 საჯარო,ხაშური
გომის საჯარო,ხაშური
წაღვლის საჯარო,ხაშური
№5 საჯარო,ხაშური
№1 საჯარო,ხაშური
№4 საჯარო,ხაშური
ცხრამუხის საჯარო,ხაშური
ოსიაურის საჯარო,ხაშური
ტეზრის საჯარო,ხაშური
დიმიტრი ყიფიანის სახელობის    ქვიშხეთის საჯარო,ხაშური
ილია ჭავჭავაძის სახელობის   №3 საჯარო,ხაშური
ბროლოსნის საჯარო,ხაშური
გრიგოლ ხანძთელის სახელობის სკოლა კანდელი,ხაშური
ა(ა)იპ  საქართველოს საპატრიარქოს დიმიტრი ყიფიანის სახელობის სკოლა პანსიონი,ხაშური
აგარის,ხაშური
აძვისის,ხაშური
ბეღლითის დაწყებითი სკოლა,ხაშური
სხვა,ხელვაჩაური
"შპს ,,მახინჯაურის ლიცეუმი""",ხელვაჩაური
წმინდა მატათა მოციქულის სახელობის ფონდი,ხელვაჩაური
№1,ხელვაჩაური
აგარის საჯარო სკოლა,ხელვაჩაური
აჭარისაღმართის საჯარო სკოლა,ხელვაჩაური
აჭარისწყლის საჯარო სკოლა,ხელვაჩაური
ახალსოფლის საჯარო სკოლა,ხელვაჩაური
ახალშენის №1 საჯარო სკოლა,ხელვაჩაური
ახალშენის №2 საჯარო სკოლა,ხელვაჩაური
განთიადის საჯარო სკოლა,ხელვაჩაური
გორას საჯარო სკოლა,ხელვაჩაური
ერგეს საჯარო სკოლა,ხელვაჩაური
ზედა განთიადის საჯარო სკოლა,ხელვაჩაური
ზემო ახალშენის საჯარო სკოლა,ხელვაჩაური
ზემო თხილნარის საჯარო სკოლა,ხელვაჩაური
ზემო წინსვლის საჯარო სკოლა,ხელვაჩაური
თხილნარის №1 საჯარო სკოლა,ხელვაჩაური
თხილნარის №2 საჯარო სკოლა,ხელვაჩაური
კაპრეშუმის საჯარო სკოლა,ხელვაჩაური
კირნათის საჯარო სკოლა,ხელვაჩაური
მარადიდის საჯარო სკოლა,ხელვაჩაური
მახინჯაურის საჯარო სკოლა,ხელვაჩაური
მახოს საჯარო სკოლა,ხელვაჩაური
სალიბაურის №1 საჯარო სკოლა,ხელვაჩაური
სალიბაურის №2 საჯარო სკოლა,ხელვაჩაური
სარფის საჯარო სკოლა,ხელვაჩაური
ფერიის საჯარო სკოლა,ხელვაჩაური
ქედქედის საჯარო სკოლა,ხელვაჩაური
ქვემო ახალშენის საჯარო სკოლა,ხელვაჩაური
ქვემო მახოს საჯარო სკოლა,ხელვაჩაური
ყოროლისთავის საჯარო სკოლა,ხელვაჩაური
ჩაისუბნის საჯარო სკოლა,ხელვაჩაური
ჩიქუნეთის საჯარო სკოლა,ხელვაჩაური
ჩხუტუნეთის საჯარო სკოლა,ხელვაჩაური
წინსვლის საჯარო სკოლა,ხელვაჩაური
ჭარნალის საჯარო სკოლა,ხელვაჩაური
ჯოჭოს საჯარო სკოლა,ხელვაჩაური
ახალშენის,ხელვაჩაური
ახალშენის გიმნაზია,ხელვაჩაური
თოდოგაურის,ხელვაჩაური
თხილნარის,ხელვაჩაური
სამების,ხელვაჩაური
შარაბიძეების,ხელვაჩაური
ჩელტის,ხელვაჩაური
ხელვაჩაურის,ხელვაჩაური
სხვა სკოლა,ხობი
ქვემო ქვალონის №1 საჯარო,ხობი
საგვიჩიოს საჯარო,ხობი
ყულევის საჯარო,ხობი
ესტატე შუშანიას სახელობის    პირველი მაისის საჯარო,ხობი
ნოჯიხევის №2 საჯარო,ხობი
შუა ხორგის საჯარო,ხობი
ჭალადიდის საჯარო,ხობი
ძველი ხიბულის საჯარო,ხობი
№1 საჯარო,ხობი
ხამისქურის საჯარო,ხობი
გურიფულის საჯარო,ხობი
ქარიატის საჯარო,ხობი
ხეთის საჯარო,ხობი
საჯიჯაოს №2 საჯარო,ხობი
ზემო ქვალონის საჯარო,ხობი
ნოჯიხევის №1 საჯარო,ხობი
პატარა  საჯარო,ხობი
ქვემო ქვალონის №2 საჯარო,ხობი
საჯიჯაოს №1 საჯარო,ხობი
ახალი ხიბულის №2 საჯარო,ხობი
შავღელეს საჯარო,ხობი
ახალი ხიბულის №1 საჯარო,ხობი
ახალსოფლის საჯარო,ხობი
№2 საჯარო,ხობი
ბიის საჯარო,ხობი
არეა,ხობი
თორსის,ხობი
პირველი ხორგის,ხობი
საბაზო,ხობი
სხვა სკოლა,ხონი
მალხაზ აბაშიძის სახელობის ხონის   ჩაის მეურნეობის საჯარო,ხონი
ახალბედისეულის საჯარო,ხონი
დედალაურის საჯარო,ხონი
გორდის საჯარო,ხონი
კინჩხის საჯარო,ხონი
ნამაშევის საჯარო,ხონი
პატარა ჯიხაიშის საჯარო,ხონი
ღვედის საჯარო,ხონი
საწულუკიძეოს საჯარო,ხონი
სუხჩის საჯარო,ხონი
ძეძილეთის საჯარო,ხონი
ახალშენის საჯარო,ხონი
მღვდელი ლუკა ჩომახიძის სახელობის ხონის   გოჩა ჯიხაიშის საჯარო,ხონი
ვლადიმერ ჯანჯღავას სახელობის ხონის   გუბის საჯარო,ხონი
გალაკტიონ ტაბიძის სახელობის ხონის   ივანდიდის საჯარო,ხონი
იპოლიტე ხვიჩიას სახელობის ხონის   კონტუათის საჯარო,ხონი
ხონის   კუხის საჯარო,ხონი
ვარლამ ძიძიგურის სახელობის ხონის   მათხოჯის საჯარო,ხონი
კონსტანტინე მეძველიას სახელობის ხონის   ნახახულევის საჯარო,ხონი
№2 საჯარო,ხონი
№4 საჯარო,ხონი
მოსე ხონელის სახელობის  ხონის №1 საჯარო,ხონი
ირაკლი აბაშიძის სახელობის  ხონის №3 საჯარო,ხონი
აკაკი ტერელაძის სახელობის ხონის   ქუტირის საჯარო,ხონი
ხონის   ხიდის საჯარო,ხონი
ტექნიკური შემოქმედების  გიმნაზია,ხონი
ახალშენის საჯარო,ხონი
მათხოჯის საჯარო,ხონი
გალაკტიონ ტაბიძის სახელობის ხონის   ივანდიდის საჯარო,ხონი
იპოლიტე ხვიჩიას სახელობის ხონის   კონტუათის საჯარო,ხონი
ირაკლი აბაშიძის სახელობის  ხონის №3 საჯარო,ხონი
კონსტანტინე მეძველიას სახელობის ხონის   ნახახულევის საჯარო,ხონი
მალხაზ აბაშიძის სახელობის ხონის   ჩაის მეურნეობის საჯარო,ხონი
გორდის საჯარო,ხონი
კინჩხის საჯარო,ხონი
კუხის საჯარო,ხონი
ნამაშევის საჯარო,ხონი
ონოღიას,ხონი
როხის,ხონი
საჯარო,ხონი
წითელვარსკვლავის,ხონი
სხვა,ხულო
წმინდა აბუსერიძე ტბელის სახელობის სკოლა,ხულო
აგარის საჯარო სკოლა,ხულო
ბაკოს საჯარო სკოლა,ხულო
ბეღლეთის საჯარო სკოლა,ხულო
ბოძაურის საჯარო სკოლა,ხულო
განახლების საჯარო სკოლა,ხულო
გელაურის საჯარო სკოლა,ხულო
გელაძეების საჯარო სკოლა,ხულო
გორგაძეების საჯარო სკოლა,ხულო
დაბა ხულოს საჯარო სკოლა,ხულო
დანისპარაულის საჯარო სკოლა,ხულო
დიაკონიძეების საჯარო სკოლა,ხულო
დიდაჭარის საჯარო სკოლა,ხულო
დიდი რიყეთის საჯარო სკოლა,ხულო
დიოკნისის საჯარო სკოლა,ხულო
ვერნების საჯარო სკოლა,ხულო
ზემო ვაშლოვანის საჯარო სკოლა,ხულო
თაგოს საჯარო სკოლა,ხულო
თხილვანის საჯარო სკოლა,ხულო
ირემაძეების საჯარო სკოლა,ხულო
კალოთის საჯარო სკოლა,ხულო
კვატიის საჯარო სკოლა,ხულო
კორტოხის საჯარო სკოლა,ხულო
მანიაკეთის საჯარო სკოლა,ხულო
მეკეიძეების საჯარო სკოლა,ხულო
მთისუბნის საჯარო სკოლა,ხულო
ოქრუაშვილების საჯარო სკოლა,ხულო
პანტნარის საჯარო სკოლა,ხულო
პაქსაძეების საჯარო სკოლა,ხულო
რაქვთის საჯარო სკოლა,ხულო
რიყეთის საჯარო სკოლა,ხულო
საციხურის საჯარო სკოლა,ხულო
სკვანის საჯარო სკოლა,ხულო
სხალთის საჯარო სკოლა,ხულო
ტაბახმელის საჯარო სკოლა,ხულო
ტუნაძეების საჯარო სკოლა,ხულო
უჩხოს საჯარო სკოლა,ხულო
ფაჩხის საჯარო სკოლა,ხულო
ფუშრუკაულის საჯარო სკოლა,ხულო
ქედლების საჯარო სკოლა,ხულო
ქვემო ვაშლოვანის საჯარო სკოლა,ხულო
ქვემო თხილვანის საჯარო სკოლა,ხულო
ღორჯომის საჯარო სკოლა,ხულო
ღურტის საჯარო სკოლა,ხულო
ყიშლის საჯარო სკოლა,ხულო
ჩაოს საჯარო სკოლა,ხულო
ძირკვაძეების საჯარო სკოლა,ხულო
ძმაგულის საჯარო სკოლა,ხულო
წაბლანის საჯარო სკოლა,ხულო
ხიხაძირის საჯარო სკოლა,ხულო
1,ხულო
ხულოს,ხულო
